invoice_id,vendor_id,vendor_name,invoice_date,due_date,payment_date,amount,tax,discount,payment_status,payment_delay,category
INV-00695,V122,Copperleaf LLC,2026-04-26,2026-05-26,2026-06-15,5884.73,294.24,201.88,Paid,20.0,Utilities
INV-01116,V133,Ostrich Group,2026-04-20,2026-05-20,2026-05-19,6182.68,1112.88,0.0,Paid,-1.0,Consulting
INV-00059,V102,Orion Group,2025-10-06,2025-10-21,2025-10-20,3648.85,182.44,0.0,Paid,-1.0,Maintenance
INV-00071,V102,Orion Group,2026-06-10,2026-06-25,,2090.89,250.91,0.0,Overdue,,Maintenance
INV-01031,V131,Marlin LLC,2025-09-25,2025-11-09,2025-11-09,4956.51,892.17,0.0,Paid,0.0,Travel
INV-00353,V109,Harbor Inc.,2025-07-05,2025-08-04,2025-08-08,3032.27,363.87,0.0,Paid,4.0,Consulting
INV-00644,V120,Stratos Group,2025-09-29,2025-10-29,2025-10-27,5029.46,905.3,186.45,Paid,-2.0,Marketing
INV-00245,V107,Cascade Solutions,2025-10-02,2025-11-01,2025-10-31,2881.31,345.76,0.0,Paid,-1.0,Office Supplies
INV-00299,V107,Cascade Solutions,2025-09-18,2025-10-18,2025-10-22,3476.67,278.13,0.0,Paid,4.0,Office Supplies
INV-00329,V108,Pioneer LLC,2026-01-31,2026-03-02,2026-04-01,8654.64,432.73,0.0,Paid,30.0,IT Services
INV-00024,V100,Nimbus Inc.,2025-09-08,2025-10-23,2025-10-19,9498.67,1139.84,0.0,Paid,-4.0,Office Supplies
INV-00200,V106,Beacon Inc.,2025-07-28,2025-08-27,2025-08-28,3963.88,317.11,0.0,Paid,1.0,Utilities
INV-00890,V126,Everline Ltd.,2026-04-18,2026-05-03,2026-05-04,3108.8,248.7,0.0,Paid,1.0,Logistics
INV-00234,V107,Cascade Solutions,2025-11-13,2025-12-13,2025-12-13,2476.66,123.83,0.0,Paid,0.0,Office Supplies
INV-00468,V114,Crescent Solutions,2025-09-15,2025-10-15,2025-10-24,2767.23,221.38,11.14,Paid,9.0,Raw Materials
INV-00926,V126,Everline Ltd.,2026-02-22,2026-03-09,2026-03-04,2704.16,486.75,0.0,Paid,-5.0,Logistics
INV-00328,V108,Pioneer LLC,2025-12-11,2026-01-10,2026-02-01,5119.86,921.57,142.38,Paid,22.0,IT Services
INV-00297,V107,Cascade Solutions,2026-01-06,2026-02-05,2026-02-07,3032.54,545.86,102.32,Paid,2.0,Office Supplies
INV-00668,V121,Fieldstone Ltd.,2026-05-14,2026-06-13,2026-06-11,4780.24,573.63,0.0,Paid,-2.0,Utilities
INV-00320,V108,Pioneer LLC,2026-02-14,2026-03-16,2026-04-19,5651.31,452.1,0.0,Paid,34.0,IT Services
INV-01085,V133,Ostrich Group,2026-06-20,2026-07-20,2026-06-30,3559.91,284.79,57.84,Paid,-20.0,Consulting
INV-00141,V104,Falcon Ltd.,2025-08-30,2025-09-29,2025-09-28,8559.65,1540.74,0.0,Paid,-1.0,Raw Materials
INV-00619,V119,Pinnacle Ltd.,2025-12-03,2026-01-02,2026-01-08,2730.83,136.54,0.0,Paid,6.0,Utilities
INV-00426,V112,Lumen Solutions,2026-04-10,2026-04-25,2026-04-23,17748.81,1419.9,818.99,Paid,-2.0,Marketing
INV-00571,V117,Redwood Inc.,2025-09-11,2025-10-11,2025-10-10,6120.69,489.66,0.0,Paid,-1.0,Office Supplies
INV-00355,V109,Harbor Inc.,2026-03-08,2026-04-07,2026-04-09,4330.52,346.44,0.0,Paid,2.0,Consulting
INV-01093,V133,Ostrich Group,2026-02-13,2026-03-15,2026-03-14,8690.04,695.2,0.0,Paid,-1.0,Consulting
INV-00850,V126,Everline Ltd.,2025-10-19,2025-11-03,2025-11-05,4492.4,539.09,0.0,Paid,2.0,Logistics
INV-00114,V103,Summit Ltd.,2026-01-15,2026-02-14,2026-02-26,1893.04,227.16,0.0,Paid,12.0,Utilities
INV-00561,V117,Redwood Inc.,2025-07-03,2025-08-02,2025-07-29,5150.31,618.04,135.15,Paid,-4.0,Office Supplies
INV-00827,V126,Everline Ltd.,2025-11-25,2025-12-10,2025-12-08,2893.24,520.78,0.0,Paid,-2.0,Logistics
INV-00423,V112,Lumen Solutions,2026-06-03,2026-06-18,2026-06-18,8953.55,1074.43,56.79,Paid,0.0,Marketing
INV-00967,V128,Junction Group,2026-03-25,2026-05-09,2026-05-06,6488.05,324.4,0.0,Paid,-3.0,Office Supplies
INV-00812,V126,Everline Ltd.,2026-05-10,2026-05-25,2026-05-26,4764.47,238.22,0.0,Paid,1.0,Logistics
INV-00906,V126,Everline Ltd.,2025-09-05,2025-09-20,2025-09-26,5154.63,257.73,0.0,Paid,6.0,Logistics
INV-00925,V126,Everline Ltd.,2026-06-14,2026-06-29,2026-06-26,4085.71,326.86,37.42,Paid,-3.0,Logistics
INV-00157,V105,Granite Partners,2026-01-27,2026-02-26,2026-02-26,1858.23,222.99,7.99,Paid,0.0,Utilities
INV-00760,V124,Bluewave Solutions,2026-06-28,2026-07-28,,2395.47,191.64,41.92,Pending,,Utilities
INV-00110,V103,Summit Ltd.,2026-04-02,2026-05-02,2026-05-20,2230.27,267.63,109.2,Paid,18.0,Utilities
INV-00949,V127,Highland Solutions,2025-11-09,2025-12-24,2025-12-24,4012.2,722.2,0.0,Paid,0.0,Marketing
INV-00885,V126,Everline Ltd.,2026-05-26,2026-06-10,2026-06-09,3725.47,186.27,0.0,Paid,-1.0,Logistics
INV-00050,V101,Vertex Solutions,2025-10-08,2025-10-23,2025-10-25,3150.69,252.06,90.18,Paid,2.0,Consulting
INV-00406,V111,Anchor Partners,2025-08-26,2025-09-10,2025-09-11,5625.85,675.1,0.0,Paid,1.0,Raw Materials
INV-00562,V117,Redwood Inc.,2025-12-02,2026-01-01,2026-01-01,5274.77,632.97,85.65,Paid,0.0,Office Supplies
INV-00232,V107,Cascade Solutions,2025-11-24,2025-12-24,2025-12-25,2778.34,222.27,0.0,Paid,1.0,Office Supplies
INV-00430,V113,Atlas Solutions,2026-01-31,2026-02-15,2026-02-19,2494.52,299.34,0.0,Paid,4.0,Marketing
INV-00947,V127,Highland Solutions,2025-08-25,2025-10-09,2025-10-14,4693.7,375.5,91.42,Paid,5.0,Marketing
INV-00102,V103,Summit Ltd.,2026-06-17,2026-07-17,,2008.05,240.97,0.0,Pending,,Utilities
INV-00452,V113,Atlas Solutions,2025-08-01,2025-08-16,2025-08-15,3898.73,194.94,0.0,Paid,-1.0,Marketing
INV-01132,V134,Paragon Partners,2026-05-13,2026-06-12,2026-06-12,1447.23,173.67,30.72,Paid,0.0,Raw Materials
INV-00129,V104,Falcon Ltd.,2026-01-16,2026-02-15,2026-02-16,7514.74,1352.65,172.19,Paid,1.0,Raw Materials
INV-00732,V123,Northgate Partners,2026-06-18,2026-07-18,2026-06-30,4753.5,855.63,120.35,Paid,-18.0,Office Supplies
INV-00363,V110,Meridian Group,2026-06-17,2026-08-01,2026-06-30,4209.11,505.09,20.36,Paid,-32.0,IT Services
INV-00809,V126,Everline Ltd.,2026-06-19,2026-07-04,2026-06-30,5445.14,272.26,0.0,Paid,-4.0,Logistics
INV-00546,V116,Silverline Group,2025-10-26,2025-11-10,2025-11-09,5204.04,416.32,191.99,Paid,-1.0,Utilities
INV-00763,V124,Bluewave Solutions,2026-03-25,2026-04-24,2026-04-22,1715.26,137.22,0.0,Paid,-2.0,Utilities
INV-00591,V118,Horizon Partners,2025-10-13,2025-10-28,2025-10-23,3448.4,172.42,76.04,Paid,-5.0,Maintenance
INV-00968,V128,Junction Group,2025-12-27,2026-02-10,2026-02-06,5335.2,960.34,6.01,Paid,-4.0,Office Supplies
INV-00597,V118,Horizon Partners,2026-06-16,2026-07-01,2026-06-30,2581.76,129.09,0.0,Paid,-1.0,Maintenance
INV-01004,V129,Kestrel Ltd.,2025-07-12,2025-08-11,2025-08-09,6406.9,512.55,0.0,Paid,-2.0,Logistics
INV-00356,V109,Harbor Inc.,2025-09-27,2025-10-27,2025-10-20,3808.07,456.97,0.0,Paid,-7.0,Consulting
INV-00429,V112,Lumen Solutions,2025-08-25,2025-09-09,2025-09-13,12961.45,648.07,382.23,Paid,4.0,Marketing
INV-00309,V107,Cascade Solutions,2026-04-04,2026-05-04,2026-05-12,2465.78,443.84,0.0,Paid,8.0,Office Supplies
INV-00549,V116,Silverline Group,2026-05-05,2026-05-20,2026-05-21,6191.09,742.93,133.12,Paid,1.0,Utilities
INV-00715,V122,Copperleaf LLC,2025-07-08,2025-08-07,2025-09-08,10680.01,534.0,0.0,Paid,32.0,Utilities
INV-00211,V107,Cascade Solutions,2025-11-06,2025-12-06,2025-11-29,2202.86,176.23,0.0,Paid,-7.0,Office Supplies
INV-00838,V126,Everline Ltd.,2025-10-25,2025-11-09,2025-11-07,4778.5,573.42,105.82,Paid,-2.0,Logistics
INV-00193,V106,Beacon Inc.,2025-07-03,2025-08-02,2025-08-05,3464.36,623.58,137.84,Paid,3.0,Utilities
INV-00159,V105,Granite Partners,2025-12-11,2026-01-10,2025-12-30,2883.94,144.2,0.0,Paid,-11.0,Utilities
INV-00559,V117,Redwood Inc.,2025-09-27,2025-10-27,2025-10-29,8248.35,1484.7,0.0,Paid,2.0,Office Supplies
INV-01137,V134,Paragon Partners,2025-08-22,2025-09-21,2025-09-28,800.89,96.11,0.0,Paid,7.0,Raw Materials
INV-00345,V109,Harbor Inc.,2026-06-04,2026-07-04,,4630.56,370.44,137.1,Pending,,Consulting
INV-01154,V122,Copperleaf LLC,2026-04-29,2026-05-29,2026-06-15,7287.57,583.01,0.0,Paid,17.0,Utilities
INV-00164,V105,Granite Partners,2025-09-13,2025-10-13,,150218.04,1508.04,0.0,Overdue,,Utilities
INV-00199,V106,Beacon Inc.,2026-05-24,2026-06-23,2026-06-30,3201.27,576.23,0.0,Paid,7.0,Utilities
INV-00970,V128,Junction Group,2026-01-10,2026-02-24,2026-02-28,7023.81,561.9,0.0,Paid,4.0,Office Supplies
INV-00436,V113,Atlas Solutions,2025-12-25,2026-01-09,2026-01-17,2527.29,126.36,12.57,Paid,8.0,Marketing
INV-00395,V111,Anchor Partners,2026-03-26,2026-04-10,2026-04-07,8575.48,1543.59,368.99,Paid,-3.0,Raw Materials
INV-00108,V103,Summit Ltd.,2026-06-16,2026-07-16,2026-06-30,1809.71,90.49,0.0,Paid,-16.0,Utilities
INV-00707,V122,Copperleaf LLC,2025-07-15,2025-08-14,2025-09-22,4814.79,866.66,218.9,Paid,39.0,Utilities
INV-00693,V122,Copperleaf LLC,2026-01-07,2026-02-06,2026-02-09,4312.64,345.01,0.0,Paid,3.0,Utilities
INV-00938,V127,Highland Solutions,2025-10-22,2025-12-06,2025-12-17,4234.78,211.74,0.0,Paid,11.0,Marketing
INV-00808,V126,Everline Ltd.,2025-11-07,2025-11-22,2025-11-26,4416.02,220.8,0.0,Paid,4.0,Logistics
INV-00377,V110,Meridian Group,2025-07-30,2025-09-13,2025-09-17,4464.43,535.73,90.82,Paid,4.0,IT Services
INV-00293,V107,Cascade Solutions,2025-10-16,2025-11-15,2025-11-23,2148.63,171.89,5.56,Paid,8.0,Office Supplies
INV-00087,V103,Summit Ltd.,2026-01-10,2026-02-09,2026-02-19,2276.01,409.68,0.0,Paid,10.0,Utilities
INV-00901,V126,Everline Ltd.,2026-05-03,2026-05-18,2026-05-15,3869.32,464.32,0.0,Paid,-3.0,Logistics
INV-00210,V107,Cascade Solutions,2025-10-11,2025-11-10,2025-11-15,23500.87,1880.07,0.0,Paid,5.0,Office Supplies
INV-00940,V127,Highland Solutions,2025-12-07,2026-01-21,2026-01-16,4959.59,892.73,0.0,Paid,-5.0,Marketing
INV-00045,V101,Vertex Solutions,2025-12-04,2025-12-19,2025-12-17,2235.72,402.43,0.0,Paid,-2.0,Consulting
INV-00630,V120,Stratos Group,2026-04-28,2026-05-28,2026-06-07,2384.14,119.21,0.0,Paid,10.0,Marketing
INV-00219,V107,Cascade Solutions,2025-08-22,2025-09-21,2025-09-19,3213.61,160.68,0.0,Paid,-2.0,Office Supplies
INV-00989,V129,Kestrel Ltd.,2026-04-16,2026-05-16,2026-05-20,3908.27,195.41,0.0,Paid,4.0,Logistics
INV-01160,V133,Ostrich Group,2025-08-03,2025-09-02,2025-09-01,5083.02,406.64,0.0,Paid,-1.0,Consulting
INV-01161,V107,Cascade Solutions,2025-11-14,2025-12-14,2025-12-29,2265.95,271.91,49.96,Paid,15.0,Office Supplies
INV-00324,V108,Pioneer LLC,2025-09-24,2025-10-24,2025-11-19,4378.67,525.44,0.0,Paid,26.0,IT Services
INV-00533,V116,Silverline Group,2025-09-24,2025-10-09,2025-10-13,5760.49,1036.89,144.36,Paid,4.0,Utilities
INV-00378,V110,Meridian Group,2025-07-21,2025-09-04,2025-09-04,5259.02,946.62,0.0,Paid,0.0,IT Services
INV-00463,V114,Crescent Solutions,2026-05-02,2026-06-01,2026-06-03,406157.59,73108.37,6737.13,Paid,2.0,Raw Materials
INV-00052,V101,Vertex Solutions,2025-07-30,2025-08-14,2025-08-22,2655.96,212.48,0.0,Paid,8.0,Consulting
INV-01159,V115,Ironclad Solutions,2026-05-03,2026-06-02,2026-06-26,2711.37,488.05,0.0,Paid,24.0,Software Licenses
INV-00927,V126,Everline Ltd.,2025-07-07,2025-07-22,2025-07-25,4131.06,495.73,0.0,Paid,3.0,Logistics
INV-00478,V114,Crescent Solutions,2025-11-15,2025-12-15,2025-12-19,2293.29,183.46,0.0,Paid,4.0,Raw Materials
INV-00696,V122,Copperleaf LLC,2026-03-26,2026-04-25,2026-05-02,8876.94,443.85,0.0,Paid,7.0,Utilities
INV-00817,V126,Everline Ltd.,2026-01-26,2026-02-10,2026-02-14,6429.79,514.38,0.0,Paid,4.0,Logistics
INV-00175,V105,Granite Partners,2025-10-08,2025-11-07,2025-11-05,4226.41,338.11,0.0,Paid,-2.0,Utilities
INV-01047,V131,Marlin LLC,2025-10-08,2025-11-22,2025-11-21,3657.57,292.61,0.0,Paid,-1.0,Travel
INV-01015,V130,Larkspur Ltd.,2025-08-11,2025-09-10,2025-09-03,6402.13,512.17,0.0,Paid,-7.0,Raw Materials
INV-00156,V105,Granite Partners,2026-05-05,2026-06-04,2026-06-13,3370.14,168.51,0.0,Paid,9.0,Utilities
INV-01101,V133,Ostrich Group,2025-07-03,2025-08-02,2025-08-05,5095.43,254.77,0.0,Paid,3.0,Consulting
INV-00337,V109,Harbor Inc.,2025-11-28,2025-12-28,2025-12-27,8011.43,640.91,291.57,Paid,-1.0,Consulting
INV-01165,V110,Meridian Group,2026-02-16,2026-04-02,2026-04-02,4532.64,815.88,0.0,Paid,0.0,IT Services
INV-00425,V112,Lumen Solutions,2025-10-03,2025-10-18,2025-10-20,10260.6,1846.91,0.0,Paid,2.0,Marketing
INV-01030,V131,Marlin LLC,2025-09-21,2025-11-05,2025-11-05,2884.44,519.2,0.0,Paid,0.0,Travel
INV-00055,V102,Orion Group,2026-05-15,2026-05-30,2026-06-19,3660.5,658.89,38.26,Paid,20.0,Maintenance
INV-01014,V130,Larkspur Ltd.,2025-09-10,2025-10-10,2025-10-11,4171.19,500.54,0.0,Paid,1.0,Raw Materials
INV-01040,V131,Marlin LLC,2026-04-30,2026-06-14,2026-06-13,3970.36,476.44,0.0,Paid,-1.0,Travel
INV-00209,V107,Cascade Solutions,2025-09-03,2025-10-03,2025-10-09,1482.23,177.87,0.0,Paid,6.0,Office Supplies
INV-00057,V102,Orion Group,2025-08-24,2025-09-08,2025-10-07,2610.14,313.22,0.0,Paid,29.0,Maintenance
INV-00498,V115,Ironclad Solutions,2026-03-22,2026-04-21,2026-05-12,3741.29,187.06,0.0,Paid,21.0,Software Licenses
INV-00828,V126,Everline Ltd.,2026-05-08,2026-05-23,2026-05-19,4002.76,320.22,34.96,Paid,-4.0,Logistics
INV-00322,V108,Pioneer LLC,2026-06-12,2026-07-12,,4457.21,534.87,13.51,Pending,,IT Services
INV-00869,V126,Everline Ltd.,2026-01-22,2026-02-06,2026-02-04,4194.63,503.36,0.0,Paid,-2.0,Logistics
INV-00412,V112,Lumen Solutions,2026-04-04,2026-04-19,2026-04-12,15439.41,1852.73,0.0,Paid,-7.0,Marketing
INV-00573,V117,Redwood Inc.,2025-07-24,2025-08-23,2025-08-28,8307.91,415.4,334.1,Paid,5.0,Office Supplies
INV-00834,V126,Everline Ltd.,2025-11-24,2025-12-09,2025-12-14,2993.57,538.84,0.0,Paid,5.0,Logistics
INV-00992,V129,Kestrel Ltd.,2026-05-07,2026-06-06,2026-06-13,4240.3,339.22,0.0,Paid,7.0,Logistics
INV-00590,V118,Horizon Partners,2026-01-11,2026-01-26,2026-01-24,2455.72,294.69,24.84,Paid,-2.0,Maintenance
INV-00276,V107,Cascade Solutions,2025-08-29,2025-09-28,2025-10-04,3286.52,591.57,0.0,Paid,6.0,Office Supplies
INV-00300,V107,Cascade Solutions,2025-11-30,2025-12-30,2025-12-29,2170.13,260.42,87.56,Paid,-1.0,Office Supplies
INV-01145,V134,Paragon Partners,2025-07-01,2025-07-31,2025-08-04,1360.42,163.25,0.0,Paid,4.0,Raw Materials
INV-00966,V128,Junction Group,2025-07-16,2025-08-30,2025-08-29,67987.37,8158.48,0.0,Paid,-1.0,Office Supplies
INV-00615,V119,Pinnacle Ltd.,2026-02-02,2026-03-04,2026-03-04,1834.94,330.29,0.0,Paid,0.0,Utilities
INV-00888,V126,Everline Ltd.,2025-10-25,2025-11-09,2025-11-08,4227.49,211.37,0.0,Paid,-1.0,Logistics
INV-00991,V129,Kestrel Ltd.,2026-04-17,2026-05-17,2026-05-26,3734.68,448.16,0.0,Paid,9.0,Logistics
INV-00381,V110,Meridian Group,2025-07-06,2025-08-20,2025-08-21,2759.59,331.15,0.0,Paid,1.0,IT Services
INV-00555,V117,Redwood Inc.,2025-10-06,2025-11-05,2025-11-04,5713.85,1028.49,0.0,Paid,-1.0,Office Supplies
INV-00458,V113,Atlas Solutions,2025-08-30,2025-09-14,2025-09-14,3119.52,249.56,110.92,Paid,0.0,Marketing
INV-00097,V103,Summit Ltd.,2025-09-19,2025-10-19,2025-11-06,2836.39,510.55,0.0,Paid,18.0,Utilities
INV-00781,V125,Cobalt Group,2026-06-13,2026-06-28,,4718.51,566.22,28.94,Overdue,,Maintenance
INV-00032,V101,Vertex Solutions,2026-05-29,2026-06-13,2026-06-13,3746.75,449.61,0.0,Paid,0.0,Consulting
INV-00359,V110,Meridian Group,2025-10-08,2025-11-22,2025-11-19,6030.2,1085.44,0.0,Paid,-3.0,IT Services
INV-00811,V126,Everline Ltd.,2025-08-25,2025-09-09,2025-09-05,4302.35,215.12,0.0,Paid,-4.0,Logistics
INV-00295,V107,Cascade Solutions,2026-06-05,2026-07-05,,2419.27,193.54,0.0,Pending,,Office Supplies
INV-00880,V126,Everline Ltd.,2026-03-09,2026-03-24,2026-03-25,3408.91,409.07,0.0,Paid,1.0,Logistics
INV-00169,V105,Granite Partners,2025-07-01,2025-07-31,2025-08-07,2110.39,105.52,0.0,Paid,7.0,Utilities
INV-00600,V118,Horizon Partners,2026-05-30,2026-06-14,2026-06-18,4923.35,886.2,0.0,Paid,4.0,Maintenance
INV-00768,V124,Bluewave Solutions,2025-11-25,2025-12-25,2025-12-18,2266.12,271.93,0.0,Paid,-7.0,Utilities
INV-00733,V123,Northgate Partners,2026-04-18,2026-05-18,2026-05-13,6854.88,1233.88,0.0,Paid,-5.0,Office Supplies
INV-00089,V103,Summit Ltd.,2026-04-29,2026-05-29,2026-06-13,2412.51,120.63,0.0,Paid,15.0,Utilities
INV-01042,V131,Marlin LLC,2026-03-18,2026-05-02,2026-05-02,2674.0,320.88,0.0,Paid,0.0,Travel
INV-00690,V121,Fieldstone Ltd.,2025-11-04,2025-12-04,2025-12-04,6488.22,324.41,0.0,Paid,0.0,Utilities
INV-00713,V122,Copperleaf LLC,2026-04-29,2026-05-29,2026-06-15,7287.57,583.01,0.0,Paid,17.0,Utilities
INV-00998,V129,Kestrel Ltd.,2025-11-05,2025-12-05,2025-12-05,6245.63,312.28,83.37,Paid,0.0,Logistics
INV-00921,V126,Everline Ltd.,2026-05-15,2026-05-30,2026-06-02,6291.28,754.95,299.48,Paid,3.0,Logistics
INV-00514,V115,Ironclad Solutions,2026-02-22,2026-03-24,2026-04-14,2596.73,467.41,0.0,Paid,21.0,Software Licenses
INV-00171,V105,Granite Partners,2025-12-24,2026-01-23,2026-01-24,3816.8,687.02,0.0,Paid,1.0,Utilities
INV-01119,V133,Ostrich Group,2026-01-12,2026-02-11,2026-02-15,6082.41,1094.83,36.21,Paid,4.0,Consulting
INV-00399,V111,Anchor Partners,2026-02-27,2026-03-14,2026-03-22,4198.15,209.91,0.0,Paid,8.0,Raw Materials
INV-00310,V107,Cascade Solutions,2026-02-27,2026-03-29,2026-03-30,2268.55,408.34,50.84,Paid,1.0,Office Supplies
INV-00941,V127,Highland Solutions,2025-07-29,2025-09-12,2025-09-09,3817.89,458.15,0.0,Paid,-3.0,Marketing
INV-00011,V100,Nimbus Inc.,2025-11-18,2026-01-02,2026-01-04,4982.86,249.14,0.0,Paid,2.0,Office Supplies
INV-01001,V129,Kestrel Ltd.,2026-02-26,2026-03-28,2026-04-01,4926.28,591.15,0.0,Paid,4.0,Logistics
INV-00917,V126,Everline Ltd.,2026-03-13,2026-03-28,2026-04-02,2694.91,134.75,0.0,Paid,5.0,Logistics
INV-00362,V110,Meridian Group,2025-08-19,2025-10-03,2025-09-30,5723.96,457.92,0.0,Paid,-3.0,IT Services
INV-00060,V102,Orion Group,2025-12-23,2026-01-07,2026-01-23,2676.97,214.16,0.0,Paid,16.0,Maintenance
INV-00266,V107,Cascade Solutions,2026-02-06,2026-03-08,2026-03-08,3122.97,156.15,0.0,Paid,0.0,Office Supplies
INV-00821,V126,Everline Ltd.,2026-02-09,2026-02-24,2026-02-18,5200.49,416.04,148.26,Paid,-6.0,Logistics
INV-00421,V112,Lumen Solutions,2025-08-29,2025-09-13,2025-09-12,14109.06,705.45,193.7,Paid,-1.0,Marketing
INV-00586,V118,Horizon Partners,2026-02-20,2026-03-07,2026-03-02,3479.04,626.23,74.0,Paid,-5.0,Maintenance
INV-00507,V115,Ironclad Solutions,2026-05-12,2026-06-11,2026-06-24,1826.78,328.82,6.94,Paid,13.0,Software Licenses
INV-00631,V120,Stratos Group,2025-08-08,2025-09-07,2025-09-04,2156.54,172.52,86.28,Paid,-3.0,Marketing
INV-00724,V122,Copperleaf LLC,2026-06-16,2026-07-16,2026-06-30,7066.34,565.31,55.12,Paid,-16.0,Utilities
INV-00433,V113,Atlas Solutions,2026-02-17,2026-03-04,2026-03-05,2417.18,120.86,0.0,Paid,1.0,Marketing
INV-00753,V124,Bluewave Solutions,2025-12-10,2026-01-09,2026-01-02,2670.24,133.51,0.0,Paid,-7.0,Utilities
INV-01005,V129,Kestrel Ltd.,2026-04-03,2026-05-03,2026-05-03,3435.35,412.24,0.0,Paid,0.0,Logistics
INV-00424,V112,Lumen Solutions,2026-01-14,2026-01-29,2026-02-03,20858.7,2503.04,1016.34,Paid,5.0,Marketing
INV-00734,V123,Northgate Partners,2026-02-15,2026-03-17,2026-03-21,5058.73,910.57,30.5,Paid,4.0,Office Supplies
INV-00919,V126,Everline Ltd.,2026-03-01,2026-03-16,2026-03-20,2484.86,198.79,0.0,Paid,4.0,Logistics
INV-01102,V133,Ostrich Group,2025-11-28,2025-12-28,2025-12-31,6881.93,344.1,0.0,Paid,3.0,Consulting
INV-00261,V107,Cascade Solutions,2025-07-17,2025-08-16,2025-08-24,3462.89,623.32,0.0,Paid,8.0,Office Supplies
INV-00754,V124,Bluewave Solutions,2026-04-22,2026-05-22,2026-05-23,2411.15,120.56,0.0,Paid,1.0,Utilities
INV-00606,V118,Horizon Partners,2025-12-26,2026-01-10,2026-01-10,3592.06,646.57,70.56,Paid,0.0,Maintenance
INV-00221,V107,Cascade Solutions,2025-11-12,2025-12-12,2025-12-15,2071.91,103.6,0.0,Paid,3.0,Office Supplies
INV-00410,V112,Lumen Solutions,2025-09-25,2025-10-10,2025-10-06,17588.7,879.44,0.0,Paid,-4.0,Marketing
INV-00534,V116,Silverline Group,2025-12-20,2026-01-04,2025-12-30,20087.83,2410.54,658.93,Paid,-5.0,Utilities
INV-00667,V121,Fieldstone Ltd.,2026-06-23,2026-07-23,2026-06-30,4049.22,485.91,0.0,Paid,-23.0,Utilities
INV-00853,V126,Everline Ltd.,2025-07-18,2025-08-02,2025-08-02,4101.03,328.08,126.33,Paid,0.0,Logistics
INV-00918,V126,Everline Ltd.,2026-01-10,2026-01-25,2026-01-29,3127.11,156.36,0.0,Paid,4.0,Logistics
INV-00271,V107,Cascade Solutions,2025-08-12,2025-09-11,2025-09-13,3533.11,282.65,77.58,Paid,2.0,Office Supplies
INV-00479,V114,Crescent Solutions,2025-10-22,2025-11-21,2025-11-22,3418.03,170.9,0.0,Paid,1.0,Raw Materials
INV-00487,V115,Ironclad Solutions,2026-01-30,2026-03-01,2026-03-27,2561.08,307.33,94.43,Paid,26.0,Software Licenses
INV-00084,V102,Orion Group,2026-03-08,2026-03-23,2026-04-16,1716.25,137.3,20.71,Paid,24.0,Maintenance
INV-00979,V128,Junction Group,2026-01-14,2026-02-28,2026-03-06,6301.41,504.11,209.46,Paid,6.0,Office Supplies
INV-00595,V118,Horizon Partners,2025-07-10,2025-07-25,2025-07-25,4768.46,381.48,118.09,Paid,0.0,Maintenance
INV-00443,V113,Atlas Solutions,2025-08-13,2025-08-28,2025-08-29,1521.01,273.78,0.0,Paid,1.0,Marketing
INV-01010,V130,Larkspur Ltd.,2026-03-06,2026-04-05,2026-04-05,6011.15,480.89,0.0,Paid,0.0,Raw Materials
INV-00913,V126,Everline Ltd.,2025-11-26,2025-12-11,2025-12-20,4223.85,760.29,84.78,Paid,9.0,Logistics
INV-00866,V126,Everline Ltd.,2025-07-26,2025-08-10,2025-08-12,2673.88,481.3,0.0,Paid,2.0,Logistics
INV-00372,V110,Meridian Group,2026-05-09,2026-06-23,2026-06-28,5848.58,701.83,191.54,Paid,5.0,IT Services
INV-00788,V125,Cobalt Group,2025-11-22,2025-12-07,2025-12-06,3657.06,658.27,0.0,Paid,-1.0,Maintenance
INV-00775,V124,Bluewave Solutions,2025-07-02,2025-08-01,2025-07-28,1554.08,279.73,25.78,Paid,-4.0,Utilities
INV-00846,V126,Everline Ltd.,2025-09-01,2025-09-16,2025-09-18,3262.47,163.12,0.0,Paid,2.0,Logistics
INV-00722,V122,Copperleaf LLC,2026-01-09,2026-02-08,2026-03-01,6566.85,1182.03,0.0,Paid,21.0,Utilities
INV-00831,V126,Everline Ltd.,2025-09-03,2025-09-18,2025-09-19,5221.0,626.52,0.0,Paid,1.0,Logistics
INV-00307,V107,Cascade Solutions,2025-09-04,2025-10-04,2025-10-08,3449.8,275.98,0.0,Paid,4.0,Office Supplies
INV-00077,V102,Orion Group,2026-06-02,2026-06-17,2026-06-26,2944.71,147.24,0.0,Paid,9.0,Maintenance
INV-01111,V133,Ostrich Group,2026-06-08,2026-07-08,,6577.4,526.19,0.0,Pending,,Consulting
INV-00139,V104,Falcon Ltd.,2025-08-25,2025-09-24,2025-09-15,8399.95,420.0,0.0,Paid,-9.0,Raw Materials
INV-00291,V107,Cascade Solutions,2025-12-12,2026-01-11,2026-01-13,5126.91,922.84,0.0,Paid,2.0,Office Supplies
INV-01133,V134,Paragon Partners,2026-04-13,2026-05-13,2026-05-13,1537.55,76.88,60.77,Paid,0.0,Raw Materials
INV-00876,V126,Everline Ltd.,2026-01-23,2026-02-07,2026-02-10,3924.87,470.98,0.0,Paid,3.0,Logistics
INV-00064,V102,Orion Group,2026-03-08,2026-03-23,2026-04-03,2609.42,208.75,0.0,Paid,11.0,Maintenance
INV-00142,V104,Falcon Ltd.,2026-02-03,2026-03-05,2026-03-06,9273.76,1669.28,0.0,Paid,1.0,Raw Materials
INV-00520,V115,Ironclad Solutions,2026-01-02,2026-02-01,2026-03-02,2457.61,294.91,0.0,Paid,29.0,Software Licenses
INV-00540,V116,Silverline Group,2025-11-25,2025-12-10,2025-12-05,4997.54,599.7,188.88,Paid,-5.0,Utilities
INV-00804,V125,Cobalt Group,2026-05-16,2026-05-31,,25787.34,696.84,0.0,Overdue,,Maintenance
INV-00140,V104,Falcon Ltd.,2026-02-15,2026-03-17,2026-03-16,7650.6,918.07,0.0,Paid,-1.0,Raw Materials
INV-00241,V107,Cascade Solutions,2026-01-14,2026-02-13,2026-02-03,3145.32,377.44,0.0,Paid,-10.0,Office Supplies
INV-00797,V125,Cobalt Group,2026-02-10,2026-02-25,2026-02-26,4882.56,390.6,0.0,Paid,1.0,Maintenance
INV-00248,V107,Cascade Solutions,2026-02-09,2026-03-11,2026-03-09,3188.08,255.05,0.0,Paid,-2.0,Office Supplies
INV-00637,V120,Stratos Group,2025-08-25,2025-09-24,2025-09-26,1557.85,124.63,0.0,Paid,2.0,Marketing
INV-00391,V111,Anchor Partners,2025-07-03,2025-07-18,2025-07-15,6612.8,1190.3,169.0,Paid,-3.0,Raw Materials
INV-00494,V115,Ironclad Solutions,2025-10-31,2025-11-30,2025-12-24,2841.28,340.95,0.0,Paid,24.0,Software Licenses
INV-00466,V114,Crescent Solutions,2025-09-11,2025-10-11,2025-10-14,2016.69,242.0,0.0,Paid,3.0,Raw Materials
INV-00275,V107,Cascade Solutions,2025-10-15,2025-11-14,2025-11-13,3440.93,172.05,0.0,Paid,-1.0,Office Supplies
INV-00539,V116,Silverline Group,2026-05-21,2026-06-05,2026-06-05,3918.32,470.2,0.0,Paid,0.0,Utilities
INV-00044,V101,Vertex Solutions,2026-06-28,2026-07-13,2026-06-30,5432.94,651.95,0.0,Paid,-13.0,Consulting
INV-01007,V129,Kestrel Ltd.,2026-02-20,2026-03-22,2026-03-23,5692.67,683.12,0.0,Paid,1.0,Logistics
INV-00536,V116,Silverline Group,2025-11-20,2025-12-05,2025-12-02,5753.54,690.42,129.72,Paid,-3.0,Utilities
INV-00729,V123,Northgate Partners,2026-05-12,2026-06-11,2026-06-13,6244.71,499.58,0.0,Paid,2.0,Office Supplies
INV-00136,V104,Falcon Ltd.,2025-10-05,2025-11-04,2025-11-06,7587.62,379.38,0.0,Paid,2.0,Raw Materials
INV-00544,V116,Silverline Group,2025-07-04,2025-07-19,2025-07-21,3771.4,301.71,0.0,Paid,2.0,Utilities
INV-00244,V107,Cascade Solutions,2025-11-24,2025-12-24,2025-12-25,3907.13,468.86,0.0,Paid,1.0,Office Supplies
INV-00592,V118,Horizon Partners,2025-08-14,2025-08-29,2025-08-24,2388.1,191.05,0.0,Paid,-5.0,Maintenance
INV-00185,V106,Beacon Inc.,2025-12-20,2026-01-19,2026-01-11,3586.27,286.9,33.8,Paid,-8.0,Utilities
INV-00744,V123,Northgate Partners,2025-12-23,2026-01-22,2026-01-22,6320.07,316.0,0.0,Paid,0.0,Office Supplies
INV-00179,V106,Beacon Inc.,2025-09-19,2025-10-19,2025-10-10,4646.54,836.38,180.03,Paid,-9.0,Utilities
INV-00598,V118,Horizon Partners,2025-12-01,2025-12-16,2025-12-22,2375.77,190.06,0.0,Paid,6.0,Maintenance
INV-00717,V122,Copperleaf LLC,2025-12-13,2026-01-12,2026-01-21,6092.54,731.1,57.13,Paid,9.0,Utilities
INV-00900,V126,Everline Ltd.,2026-02-21,2026-03-08,2026-03-11,5595.84,671.5,0.0,Paid,3.0,Logistics
INV-00434,V113,Atlas Solutions,2026-02-26,2026-03-13,2026-03-12,2299.51,114.98,53.94,Paid,-1.0,Marketing
INV-00550,V116,Silverline Group,2026-02-12,2026-02-27,2026-03-01,3315.64,397.88,54.92,Paid,2.0,Utilities
INV-00079,V102,Orion Group,2025-12-06,2025-12-21,2025-12-28,3401.85,170.09,0.0,Paid,7.0,Maintenance
INV-00382,V110,Meridian Group,2026-04-06,2026-05-21,2026-05-23,6500.79,1170.14,0.0,Paid,2.0,IT Services
INV-00909,V126,Everline Ltd.,2026-05-21,2026-06-05,2026-06-08,6435.49,514.84,70.82,Paid,3.0,Logistics
INV-00794,V125,Cobalt Group,2026-01-19,2026-02-03,2026-02-14,5018.55,401.48,0.0,Paid,11.0,Maintenance
INV-00287,V107,Cascade Solutions,2026-03-10,2026-04-09,2026-04-10,3573.08,285.85,81.56,Paid,1.0,Office Supplies
INV-00414,V112,Lumen Solutions,2025-10-13,2025-10-28,2025-10-28,20397.16,1019.86,0.0,Paid,0.0,Marketing
INV-01115,V133,Ostrich Group,2025-11-02,2025-12-02,2025-12-04,5070.62,405.65,0.0,Paid,2.0,Consulting
INV-00784,V125,Cobalt Group,2025-08-09,2025-08-24,2025-08-27,3993.0,718.74,21.5,Paid,3.0,Maintenance
INV-00574,V117,Redwood Inc.,2025-11-28,2025-12-28,2026-01-03,8647.19,1556.49,0.0,Paid,6.0,Office Supplies
INV-00799,V125,Cobalt Group,2026-06-29,2026-07-14,2026-06-30,4260.41,340.83,128.3,Paid,-14.0,Maintenance
INV-00482,V114,Crescent Solutions,2026-05-16,2026-06-15,2026-06-15,1876.46,93.82,0.0,Paid,0.0,Raw Materials
INV-00040,V101,Vertex Solutions,2026-04-30,2026-05-15,2026-05-20,4338.03,216.9,1.18,Paid,5.0,Consulting
INV-00031,V101,Vertex Solutions,2025-07-20,2025-08-04,2025-08-06,3874.35,193.72,0.0,Paid,2.0,Consulting
INV-00243,V107,Cascade Solutions,2026-04-13,2026-05-13,2026-05-23,3429.92,617.39,12.23,Paid,10.0,Office Supplies
INV-00621,V119,Pinnacle Ltd.,2026-05-04,2026-06-03,2026-05-31,7099.77,851.97,0.0,Paid,-3.0,Utilities
INV-00137,V104,Falcon Ltd.,2025-10-03,2025-11-02,2025-10-29,5568.17,668.18,0.0,Paid,-4.0,Raw Materials
INV-00924,V126,Everline Ltd.,2026-05-08,2026-05-23,2026-05-22,4656.94,372.56,0.0,Paid,-1.0,Logistics
INV-00772,V124,Bluewave Solutions,2026-04-30,2026-05-30,2026-05-22,2195.4,395.17,0.0,Paid,-8.0,Utilities
INV-00004,V100,Nimbus Inc.,2025-11-02,2025-12-17,2025-12-25,4541.23,227.06,40.7,Paid,8.0,Office Supplies
INV-00603,V118,Horizon Partners,2025-07-26,2025-08-10,2025-08-07,2060.96,164.88,0.0,Paid,-3.0,Maintenance
INV-00774,V124,Bluewave Solutions,2026-01-10,2026-02-09,2026-02-11,2918.89,233.51,60.58,Paid,2.0,Utilities
INV-00990,V129,Kestrel Ltd.,2025-09-29,2025-10-29,2025-11-03,5459.38,655.13,0.0,Paid,5.0,Logistics
INV-01074,V132,Novapoint Inc.,2025-12-12,2026-01-11,2026-01-06,16258.66,1300.69,0.0,Paid,-5.0,Consulting
INV-00472,V114,Crescent Solutions,2025-10-24,2025-11-23,2025-11-29,2291.02,412.38,0.0,Paid,6.0,Raw Materials
INV-00671,V121,Fieldstone Ltd.,2025-07-10,2025-08-09,2025-08-09,33331.09,2666.49,0.0,Paid,0.0,Utilities
INV-01037,V131,Marlin LLC,2025-08-23,2025-10-07,2025-10-12,4431.39,354.51,143.7,Paid,5.0,Travel
INV-00465,V114,Crescent Solutions,2026-03-01,2026-03-31,2026-04-10,2782.69,139.13,26.24,Paid,10.0,Raw Materials
INV-00101,V103,Summit Ltd.,2026-05-11,2026-06-10,2026-06-26,2426.74,194.14,0.0,Paid,16.0,Utilities
INV-00948,V127,Highland Solutions,2025-11-04,2025-12-19,2025-12-10,2874.57,517.42,0.0,Paid,-9.0,Marketing
INV-00454,V113,Atlas Solutions,2025-11-03,2025-11-18,2025-11-24,2567.95,462.23,0.0,Paid,6.0,Marketing
INV-00428,V112,Lumen Solutions,2025-09-09,2025-09-24,2025-10-02,12660.05,2278.81,0.0,Paid,8.0,Marketing
INV-01155,V100,Nimbus Inc.,2025-07-14,2025-08-28,2025-09-03,5672.9,453.83,0.0,Paid,6.0,Office Supplies
INV-00278,V107,Cascade Solutions,2025-09-29,2025-10-29,2025-10-28,3810.23,457.23,0.0,Paid,-1.0,Office Supplies
INV-00343,V109,Harbor Inc.,2025-10-20,2025-11-19,2025-11-27,6208.73,1117.57,270.73,Paid,8.0,Consulting
INV-00842,V126,Everline Ltd.,2025-10-10,2025-10-25,2025-11-01,4343.51,521.22,0.0,Paid,7.0,Logistics
INV-00228,V107,Cascade Solutions,2025-07-26,2025-08-25,2025-08-18,2394.73,119.74,0.0,Paid,-7.0,Office Supplies
INV-01143,V134,Paragon Partners,2026-03-06,2026-04-05,2026-04-09,1597.01,79.85,0.0,Paid,4.0,Raw Materials
INV-00486,V115,Ironclad Solutions,2026-01-05,2026-02-04,2026-02-18,2606.16,208.49,121.63,Paid,14.0,Software Licenses
INV-00635,V120,Stratos Group,2026-06-05,2026-07-05,,2261.37,180.91,0.0,Pending,,Marketing
INV-00903,V126,Everline Ltd.,2025-09-28,2025-10-13,2025-10-16,5270.09,263.5,0.0,Paid,3.0,Logistics
INV-00067,V102,Orion Group,2026-02-10,2026-02-25,2026-03-05,4551.13,546.14,0.0,Paid,8.0,Maintenance
INV-00068,V102,Orion Group,2026-01-01,2026-01-16,2026-01-24,3027.94,545.03,0.0,Paid,8.0,Maintenance
INV-00290,V107,Cascade Solutions,2025-10-15,2025-11-14,2025-11-13,3751.88,675.34,0.0,Paid,-1.0,Office Supplies
INV-00212,V107,Cascade Solutions,2025-10-01,2025-10-31,2025-10-31,2335.9,116.8,0.0,Paid,0.0,Office Supplies
INV-00013,V100,Nimbus Inc.,2025-07-10,2025-08-24,2025-08-17,5403.0,270.15,0.0,Paid,-7.0,Office Supplies
INV-00716,V122,Copperleaf LLC,2026-04-11,2026-05-11,2026-05-30,4671.34,233.57,0.0,Paid,19.0,Utilities
INV-01106,V133,Ostrich Group,2025-12-04,2026-01-03,2026-01-04,6050.38,302.52,0.0,Paid,1.0,Consulting
INV-00712,V122,Copperleaf LLC,2025-10-22,2025-11-21,2025-12-01,4615.18,553.82,0.0,Paid,10.0,Utilities
INV-00723,V122,Copperleaf LLC,2026-01-23,2026-02-22,2026-03-25,4943.0,247.15,0.0,Paid,31.0,Utilities
INV-01046,V131,Marlin LLC,2026-05-23,2026-07-07,2026-06-30,4117.59,494.11,0.0,Paid,-7.0,Travel
INV-00813,V126,Everline Ltd.,2025-09-13,2025-09-28,2025-10-06,4105.68,328.45,193.89,Paid,8.0,Logistics
INV-00957,V128,Junction Group,2025-10-01,2025-11-15,2025-11-13,5932.07,1067.77,0.0,Paid,-2.0,Office Supplies
INV-00629,V120,Stratos Group,2025-10-28,2025-11-27,2025-11-27,1725.07,86.25,0.0,Paid,0.0,Marketing
INV-00974,V128,Junction Group,2026-02-12,2026-03-29,2026-03-28,3846.55,307.72,0.0,Paid,-1.0,Office Supplies
INV-00814,V126,Everline Ltd.,2025-08-06,2025-08-21,2025-08-26,4429.59,531.55,0.0,Paid,5.0,Logistics
INV-00411,V112,Lumen Solutions,2025-10-21,2025-11-05,2025-11-01,14513.91,725.7,433.04,Paid,-4.0,Marketing
INV-01089,V133,Ostrich Group,2025-08-03,2025-09-02,2025-09-01,5083.02,406.64,0.0,Paid,-1.0,Consulting
INV-00542,V116,Silverline Group,2025-09-12,2025-09-27,2025-09-27,6517.87,782.14,0.0,Paid,0.0,Utilities
INV-00645,V120,Stratos Group,2026-04-07,2026-05-07,2026-05-14,2783.72,334.05,65.98,Paid,7.0,Marketing
INV-00274,V107,Cascade Solutions,2026-04-30,2026-05-30,2026-05-30,2633.92,210.71,0.0,Paid,0.0,Office Supplies
INV-00333,V109,Harbor Inc.,2026-04-21,2026-05-21,2026-05-20,5108.54,255.43,0.0,Paid,-1.0,Consulting
INV-00238,V107,Cascade Solutions,2026-06-14,2026-07-14,,2845.15,227.61,123.28,Pending,,Office Supplies
INV-00825,V126,Everline Ltd.,2026-06-22,2026-07-07,2026-06-30,2977.09,238.17,0.0,Paid,-7.0,Logistics
INV-00003,V100,Nimbus Inc.,2026-04-02,2026-05-17,2026-05-18,6515.35,1172.76,243.28,Paid,1.0,Office Supplies
INV-00007,V100,Nimbus Inc.,2025-07-23,2025-09-06,2025-09-01,4547.65,545.72,0.0,Paid,-5.0,Office Supplies
INV-00981,V128,Junction Group,2025-11-29,2026-01-13,2026-01-14,4096.64,204.83,0.0,Paid,1.0,Office Supplies
INV-00873,V126,Everline Ltd.,2026-06-28,2026-07-13,2026-06-30,2531.41,202.51,0.0,Paid,-13.0,Logistics
INV-00459,V113,Atlas Solutions,2026-04-10,2026-04-25,2026-04-27,3909.16,312.73,0.0,Paid,2.0,Marketing
INV-00216,V107,Cascade Solutions,2026-01-15,2026-02-14,2026-02-10,2672.34,481.02,36.91,Paid,-4.0,Office Supplies
INV-01153,V134,Paragon Partners,2026-04-13,2026-05-13,2026-05-13,1537.55,76.88,60.77,Paid,0.0,Raw Materials
INV-00028,V100,Nimbus Inc.,2025-07-18,2025-09-01,2025-09-01,8265.8,991.9,0.0,Paid,0.0,Office Supplies
INV-01126,V134,Paragon Partners,2025-12-30,2026-01-29,2026-02-04,2150.74,107.54,0.0,Paid,6.0,Raw Materials
INV-00334,V109,Harbor Inc.,2025-07-11,2025-08-10,2025-07-27,5030.93,905.57,66.09,Paid,-14.0,Consulting
INV-00332,V109,Harbor Inc.,2026-03-16,2026-04-15,2026-04-15,5203.04,624.36,0.0,Paid,0.0,Consulting
INV-00746,V123,Northgate Partners,2025-10-23,2025-11-22,2025-11-26,4293.92,343.51,66.71,Paid,4.0,Office Supplies
INV-00725,V122,Copperleaf LLC,2026-02-23,2026-03-25,2026-04-14,6049.48,302.47,0.0,Paid,20.0,Utilities
INV-00666,V121,Fieldstone Ltd.,2025-10-06,2025-11-05,,54177.2,342.68,169.85,Overdue,,Utilities
INV-00702,V122,Copperleaf LLC,2026-03-04,2026-04-03,2026-04-19,6392.34,1150.62,0.0,Paid,16.0,Utilities
INV-00661,V120,Stratos Group,2025-12-08,2026-01-07,2026-01-10,1527.51,76.38,23.53,Paid,3.0,Marketing
INV-01113,V133,Ostrich Group,2026-02-26,2026-03-28,2026-03-27,3778.08,680.05,6.96,Paid,-1.0,Consulting
INV-00368,V110,Meridian Group,2026-02-16,2026-04-02,2026-04-02,4532.64,815.88,0.0,Paid,0.0,IT Services
INV-00257,V107,Cascade Solutions,2026-03-23,2026-04-22,2026-04-23,2918.41,350.21,0.0,Paid,1.0,Office Supplies
INV-00292,V107,Cascade Solutions,2025-09-01,2025-10-01,2025-10-05,2074.6,103.73,0.0,Paid,4.0,Office Supplies
INV-00026,V100,Nimbus Inc.,2026-03-07,2026-04-21,2026-04-22,6883.22,344.16,0.0,Paid,1.0,Office Supplies
INV-00908,V126,Everline Ltd.,2026-03-25,2026-04-09,,32845.97,770.66,78.91,Overdue,,Logistics
INV-00048,V101,Vertex Solutions,2025-10-26,2025-11-10,2025-11-07,5754.84,1035.87,87.68,Paid,-3.0,Consulting
INV-00319,V108,Pioneer LLC,2026-03-29,2026-04-28,2026-05-16,4295.58,515.47,192.95,Paid,18.0,IT Services
INV-00107,V103,Summit Ltd.,2026-03-15,2026-04-14,2026-05-04,2590.86,310.9,0.0,Paid,20.0,Utilities
INV-00056,V102,Orion Group,2025-07-29,2025-08-13,2025-08-23,3851.3,462.16,0.0,Paid,10.0,Maintenance
INV-00618,V119,Pinnacle Ltd.,2026-01-23,2026-02-22,2026-02-24,2145.45,107.27,0.0,Paid,2.0,Utilities
INV-00214,V107,Cascade Solutions,2025-08-05,2025-09-04,2025-08-30,3253.86,390.46,0.0,Paid,-5.0,Office Supplies
INV-00121,V104,Falcon Ltd.,2025-10-02,2025-11-01,2025-11-02,8654.87,1038.58,406.79,Paid,1.0,Raw Materials
INV-00803,V125,Cobalt Group,2026-06-11,2026-06-26,2026-06-28,4616.14,369.29,0.0,Paid,2.0,Maintenance
INV-00524,V116,Silverline Group,2025-08-09,2025-08-24,2025-08-29,5957.77,297.89,0.0,Paid,5.0,Utilities
INV-00480,V114,Crescent Solutions,2025-10-06,2025-11-05,2025-11-08,3132.01,563.76,48.35,Paid,3.0,Raw Materials
INV-00073,V102,Orion Group,2025-08-17,2025-09-01,2025-09-08,2516.2,301.94,0.0,Paid,7.0,Maintenance
INV-00579,V118,Horizon Partners,2026-06-30,2026-07-15,2026-06-30,3197.92,159.9,0.0,Paid,-15.0,Maintenance
INV-00714,V122,Copperleaf LLC,2026-04-27,2026-05-27,2026-06-08,19686.1,1574.89,645.2,Paid,12.0,Utilities
INV-00567,V117,Redwood Inc.,2025-08-31,2025-09-30,2025-09-30,7624.6,914.95,0.0,Paid,0.0,Office Supplies
INV-00383,V110,Meridian Group,2025-07-21,2025-09-04,2025-09-05,5205.75,624.69,129.25,Paid,1.0,IT Services
INV-00554,V117,Redwood Inc.,2025-08-13,2025-09-12,2025-09-22,8872.32,443.62,0.0,Paid,10.0,Office Supplies
INV-00528,V116,Silverline Group,2025-08-25,2025-09-09,2025-09-06,6328.48,1139.13,0.0,Paid,-3.0,Utilities
INV-00537,V116,Silverline Group,2025-08-18,2025-09-02,2025-09-02,5507.41,660.89,0.0,Paid,0.0,Utilities
INV-00889,V126,Everline Ltd.,2026-03-28,2026-04-12,2026-04-15,3642.52,437.1,136.02,Paid,3.0,Logistics
INV-00449,V113,Atlas Solutions,2026-03-05,2026-03-20,2026-03-22,2050.44,102.52,22.1,Paid,2.0,Marketing
INV-00980,V128,Junction Group,2026-05-06,2026-06-20,2026-06-13,6520.8,1173.74,0.0,Paid,-7.0,Office Supplies
INV-01098,V133,Ostrich Group,2026-04-21,2026-05-21,2026-05-21,7227.41,578.19,0.0,Paid,0.0,Consulting
INV-00317,V108,Pioneer LLC,2026-01-29,2026-02-28,2026-03-28,4160.62,499.27,0.0,Paid,28.0,IT Services
INV-00594,V118,Horizon Partners,2026-03-19,2026-04-03,2026-03-28,3209.49,385.14,114.92,Paid,-6.0,Maintenance
INV-00789,V125,Cobalt Group,2026-06-29,2026-07-14,2026-06-30,4705.63,376.45,0.0,Paid,-14.0,Maintenance
INV-00491,V115,Ironclad Solutions,2025-07-17,2025-08-16,2025-09-15,2053.66,102.68,0.0,Paid,30.0,Software Licenses
INV-00655,V120,Stratos Group,2026-04-04,2026-05-04,2026-04-28,1873.0,149.84,0.0,Paid,-6.0,Marketing
INV-00964,V128,Junction Group,2026-01-22,2026-03-08,2026-03-07,5787.39,289.37,0.0,Paid,-1.0,Office Supplies
INV-00731,V123,Northgate Partners,2025-09-20,2025-10-20,2025-10-24,3468.11,416.17,48.64,Paid,4.0,Office Supplies
INV-00061,V102,Orion Group,2026-03-24,2026-04-08,2026-05-01,3058.68,367.04,0.0,Paid,23.0,Maintenance
INV-00691,V121,Fieldstone Ltd.,2026-01-30,2026-03-01,2026-03-01,5156.54,618.78,242.0,Paid,0.0,Utilities
INV-00093,V103,Summit Ltd.,2026-01-26,2026-02-25,2026-03-06,2939.18,352.7,83.65,Paid,9.0,Utilities
INV-00815,V126,Everline Ltd.,2026-01-06,2026-01-21,2026-01-21,17153.2,857.66,0.0,Paid,0.0,Logistics
INV-00364,V110,Meridian Group,2025-10-09,2025-11-23,2025-11-30,4487.21,358.98,36.62,Paid,7.0,IT Services
INV-00352,V109,Harbor Inc.,2025-10-07,2025-11-06,2025-11-04,5523.97,662.88,0.0,Paid,-2.0,Consulting
INV-00887,V126,Everline Ltd.,2025-12-24,2026-01-08,2026-01-21,4053.68,729.66,0.0,Paid,13.0,Logistics
INV-00281,V107,Cascade Solutions,2026-01-07,2026-02-06,2026-01-28,2412.25,192.98,0.0,Paid,-9.0,Office Supplies
INV-00678,V121,Fieldstone Ltd.,2026-04-06,2026-05-06,2026-05-03,8667.57,693.41,0.0,Paid,-3.0,Utilities
INV-00360,V110,Meridian Group,2026-01-19,2026-03-05,2026-03-08,4997.75,899.59,0.0,Paid,3.0,IT Services
INV-00523,V116,Silverline Group,2025-07-30,2025-08-14,2025-08-09,6390.97,766.92,0.0,Paid,-5.0,Utilities
INV-00440,V113,Atlas Solutions,2025-08-01,2025-08-16,2025-08-14,3715.42,297.23,143.86,Paid,-2.0,Marketing
INV-00694,V122,Copperleaf LLC,2026-04-20,2026-05-20,2026-06-16,4466.02,535.92,0.0,Paid,27.0,Utilities
INV-00183,V106,Beacon Inc.,2025-12-18,2026-01-17,2026-01-11,3115.02,249.2,81.06,Paid,-6.0,Utilities
INV-00616,V119,Pinnacle Ltd.,2026-01-22,2026-02-21,2026-02-18,2250.6,270.07,0.0,Paid,-3.0,Utilities
INV-00826,V126,Everline Ltd.,2026-03-07,2026-03-22,2026-03-27,2589.44,310.73,8.33,Paid,5.0,Logistics
INV-00111,V103,Summit Ltd.,2025-12-04,2026-01-03,2026-01-27,3751.34,450.16,0.0,Paid,24.0,Utilities
INV-01061,V132,Novapoint Inc.,2025-10-14,2025-11-13,2025-11-23,2013.75,241.65,0.0,Paid,10.0,Consulting
INV-00582,V118,Horizon Partners,2026-05-09,2026-05-24,2026-05-26,2566.57,205.33,71.87,Paid,2.0,Maintenance
INV-00679,V121,Fieldstone Ltd.,2026-02-28,2026-03-30,2026-03-31,5846.75,1052.42,0.0,Paid,1.0,Utilities
INV-00986,V129,Kestrel Ltd.,2026-05-07,2026-06-06,2026-06-02,4941.36,247.07,138.24,Paid,-4.0,Logistics
INV-00568,V117,Redwood Inc.,2026-02-11,2026-03-13,2026-03-12,7296.37,875.56,0.0,Paid,-1.0,Office Supplies
INV-00446,V113,Atlas Solutions,2025-09-16,2025-10-01,2025-10-02,2830.0,509.4,0.0,Paid,1.0,Marketing
INV-00653,V120,Stratos Group,2025-09-25,2025-10-25,2025-10-22,2015.43,241.85,0.0,Paid,-3.0,Marketing
INV-00262,V107,Cascade Solutions,2025-09-11,2025-10-11,2025-10-14,2367.74,426.19,0.0,Paid,3.0,Office Supplies
INV-01023,V130,Larkspur Ltd.,2026-06-09,2026-07-09,,6423.87,1156.3,0.0,Pending,,Raw Materials
INV-00623,V119,Pinnacle Ltd.,2026-01-17,2026-02-16,2026-02-09,2727.29,136.36,95.38,Paid,-7.0,Utilities
INV-00340,V109,Harbor Inc.,2026-03-10,2026-04-09,2026-04-11,4007.66,200.38,0.0,Paid,2.0,Consulting
INV-01020,V130,Larkspur Ltd.,2025-11-28,2025-12-28,2025-12-30,6758.06,540.64,0.0,Paid,2.0,Raw Materials
INV-00527,V116,Silverline Group,2025-11-20,2025-12-05,2025-12-11,6580.89,789.71,0.0,Paid,6.0,Utilities
INV-00999,V129,Kestrel Ltd.,2025-09-27,2025-10-27,2025-10-27,25837.7,4650.79,0.0,Paid,0.0,Logistics
INV-00138,V104,Falcon Ltd.,2026-03-14,2026-04-13,2026-04-15,5873.84,1057.29,198.16,Paid,2.0,Raw Materials
INV-01129,V134,Paragon Partners,2026-03-27,2026-04-26,2026-04-24,1054.12,126.49,34.42,Paid,-2.0,Raw Materials
INV-00677,V121,Fieldstone Ltd.,2025-12-20,2026-01-19,2026-01-20,5308.51,424.68,0.0,Paid,1.0,Utilities
INV-00462,V114,Crescent Solutions,2025-11-05,2025-12-05,2025-12-09,4500.0,360.0,0.0,Paid,4.0,Raw Materials
INV-01024,V130,Larkspur Ltd.,2026-04-21,2026-05-21,2026-05-22,4676.19,841.71,0.0,Paid,1.0,Raw Materials
INV-00448,V113,Atlas Solutions,2025-10-04,2025-10-19,2025-10-21,2449.47,195.96,0.0,Paid,2.0,Marketing
INV-00757,V124,Bluewave Solutions,2026-03-31,2026-04-30,2026-05-02,2066.53,247.98,17.42,Paid,2.0,Utilities
INV-00728,V123,Northgate Partners,2026-01-25,2026-02-24,2026-02-25,5722.78,457.82,0.0,Paid,1.0,Office Supplies
INV-00030,V101,Vertex Solutions,2025-07-26,2025-08-10,2025-08-18,5292.77,952.7,30.99,Paid,8.0,Consulting
INV-00972,V128,Junction Group,2025-10-01,2025-11-15,2025-11-12,4601.82,828.33,0.0,Paid,-3.0,Office Supplies
INV-00166,V105,Granite Partners,2026-06-30,2026-07-30,,2441.29,439.43,25.27,Pending,,Utilities
INV-00249,V107,Cascade Solutions,2026-04-19,2026-05-19,2026-05-31,2558.84,307.06,0.0,Paid,12.0,Office Supplies
INV-00308,V107,Cascade Solutions,2026-03-21,2026-04-20,2026-04-13,3664.42,659.6,0.0,Paid,-7.0,Office Supplies
INV-00347,V109,Harbor Inc.,2025-11-17,2025-12-17,2025-12-13,5467.8,656.14,0.0,Paid,-4.0,Consulting
INV-00335,V109,Harbor Inc.,2026-05-01,2026-05-31,2026-06-01,3293.63,263.49,0.0,Paid,1.0,Consulting
INV-00495,V115,Ironclad Solutions,2026-01-08,2026-02-07,2026-02-14,1943.89,233.27,0.0,Paid,7.0,Software Licenses
INV-00902,V126,Everline Ltd.,2026-05-02,2026-05-17,2026-05-24,3645.68,182.28,0.0,Paid,7.0,Logistics
INV-00529,V116,Silverline Group,2026-04-29,2026-05-14,2026-05-20,4910.27,245.51,182.98,Paid,6.0,Utilities
INV-00431,V113,Atlas Solutions,2025-11-28,2025-12-13,2025-12-14,3794.68,303.57,0.0,Paid,1.0,Marketing
INV-00995,V129,Kestrel Ltd.,2025-11-10,2025-12-10,2025-12-10,5679.92,1022.39,0.0,Paid,0.0,Logistics
INV-00868,V126,Everline Ltd.,2025-12-07,2025-12-22,2025-12-22,3912.21,469.47,0.0,Paid,0.0,Logistics
INV-00576,V117,Redwood Inc.,2026-05-01,2026-05-31,2026-05-31,4511.02,811.98,0.0,Paid,0.0,Office Supplies
INV-01090,V133,Ostrich Group,2025-09-08,2025-10-08,2025-10-09,3926.54,706.78,0.0,Paid,1.0,Consulting
INV-00765,V124,Bluewave Solutions,2026-01-03,2026-02-02,2026-02-01,3927.78,471.33,100.16,Paid,-1.0,Utilities
INV-00835,V126,Everline Ltd.,2026-06-06,2026-06-21,2026-06-24,5648.88,451.91,0.0,Paid,3.0,Logistics
INV-00066,V102,Orion Group,2025-08-29,2025-09-13,2025-09-19,11598.83,2087.79,0.0,Paid,6.0,Maintenance
INV-00865,V126,Everline Ltd.,2026-03-17,2026-04-01,2026-03-24,3523.08,281.85,0.0,Paid,-8.0,Logistics
INV-00863,V126,Everline Ltd.,2026-02-03,2026-02-18,2026-02-23,4621.69,554.6,0.0,Paid,5.0,Logistics
INV-00543,V116,Silverline Group,2025-12-28,2026-01-12,2026-01-15,4525.56,226.28,0.0,Paid,3.0,Utilities
INV-01055,V132,Novapoint Inc.,2025-07-09,2025-08-08,2025-08-09,4385.09,219.25,28.05,Paid,1.0,Consulting
INV-01070,V132,Novapoint Inc.,2026-01-07,2026-02-06,2026-02-09,3006.22,240.5,0.0,Paid,3.0,Consulting
INV-00583,V118,Horizon Partners,2026-06-23,2026-07-08,2026-06-30,3929.11,707.24,0.0,Paid,-8.0,Maintenance
INV-00255,V107,Cascade Solutions,2025-08-08,2025-09-07,2025-09-09,1979.73,158.38,0.06,Paid,2.0,Office Supplies
INV-00910,V126,Everline Ltd.,2025-09-21,2025-10-06,2025-10-06,31136.36,5604.54,0.0,Paid,0.0,Logistics
INV-00886,V126,Everline Ltd.,2026-06-16,2026-07-01,2026-06-30,6322.39,1138.03,0.0,Paid,-1.0,Logistics
INV-00313,V108,Pioneer LLC,2026-03-03,2026-04-02,2026-04-19,4589.4,229.47,0.0,Paid,17.0,IT Services
INV-01140,V134,Paragon Partners,2026-01-15,2026-02-14,2026-02-14,1345.42,67.27,0.0,Paid,0.0,Raw Materials
INV-00222,V107,Cascade Solutions,2026-03-12,2026-04-11,2026-04-17,3193.69,574.86,0.0,Paid,6.0,Office Supplies
INV-00389,V111,Anchor Partners,2025-09-02,2025-09-17,2025-09-15,2963.99,355.68,0.0,Paid,-2.0,Raw Materials
INV-00236,V107,Cascade Solutions,2026-02-16,2026-03-18,2026-03-17,3773.86,679.29,134.33,Paid,-1.0,Office Supplies
INV-00773,V124,Bluewave Solutions,2025-07-15,2025-08-14,2025-08-08,3265.48,261.24,53.02,Paid,-6.0,Utilities
INV-00683,V121,Fieldstone Ltd.,2025-11-29,2025-12-29,2025-12-31,6154.76,738.57,0.0,Paid,2.0,Utilities
INV-00306,V107,Cascade Solutions,2026-01-21,2026-02-20,2026-02-21,3579.53,644.32,0.0,Paid,1.0,Office Supplies
INV-01081,V132,Novapoint Inc.,2026-03-01,2026-03-31,2026-04-12,4098.4,204.92,174.59,Paid,12.0,Consulting
INV-00882,V126,Everline Ltd.,2026-03-04,2026-03-19,2026-03-22,5185.61,259.28,80.78,Paid,3.0,Logistics
INV-00738,V123,Northgate Partners,2026-03-06,2026-04-05,2026-04-15,4578.94,549.47,83.29,Paid,10.0,Office Supplies
INV-01108,V133,Ostrich Group,2025-09-12,2025-10-12,2025-10-17,4385.65,219.28,0.0,Paid,5.0,Consulting
INV-00250,V107,Cascade Solutions,2026-02-14,2026-03-16,2026-03-12,2277.97,273.36,0.0,Paid,-4.0,Office Supplies
INV-01066,V132,Novapoint Inc.,2025-11-12,2025-12-12,2025-12-05,3479.04,417.48,0.0,Paid,-7.0,Consulting
INV-00614,V119,Pinnacle Ltd.,2025-09-06,2025-10-06,2025-10-09,2108.38,168.67,54.69,Paid,3.0,Utilities
INV-00072,V102,Orion Group,2026-06-04,2026-06-19,,3730.76,186.54,0.0,Overdue,,Maintenance
INV-00095,V103,Summit Ltd.,2026-03-06,2026-04-05,2026-05-02,2426.75,436.82,0.0,Paid,27.0,Utilities
INV-01087,V133,Ostrich Group,2025-08-28,2025-09-27,2025-10-01,5444.72,435.58,0.0,Paid,4.0,Consulting
INV-00034,V101,Vertex Solutions,2025-10-10,2025-10-25,2025-11-01,2876.94,230.16,0.0,Paid,7.0,Consulting
INV-00818,V126,Everline Ltd.,2025-07-18,2025-08-02,2025-08-07,4216.61,337.33,0.0,Paid,5.0,Logistics
INV-00553,V117,Redwood Inc.,2026-01-21,2026-02-20,2026-02-22,10230.79,1841.54,370.73,Paid,2.0,Office Supplies
INV-00260,V107,Cascade Solutions,2026-05-25,2026-06-24,,3721.49,446.58,0.0,Overdue,,Office Supplies
INV-00205,V106,Beacon Inc.,2025-11-17,2025-12-17,2025-12-16,3027.56,242.2,0.0,Paid,-1.0,Utilities
INV-00650,V120,Stratos Group,2026-01-18,2026-02-17,2026-02-14,3239.25,583.06,0.0,Paid,-3.0,Marketing
INV-00786,V125,Cobalt Group,2026-04-01,2026-04-16,2026-04-23,4099.31,327.94,0.0,Paid,7.0,Maintenance
INV-00737,V123,Northgate Partners,2025-09-09,2025-10-09,2025-10-10,4493.6,359.49,170.24,Paid,1.0,Office Supplies
INV-00366,V110,Meridian Group,2025-12-23,2026-02-06,2026-02-10,3717.23,185.86,0.0,Paid,4.0,IT Services
INV-00078,V102,Orion Group,2026-03-20,2026-04-04,2026-05-08,3766.77,301.34,0.0,Paid,34.0,Maintenance
INV-00085,V102,Orion Group,2026-06-06,2026-06-21,,3556.11,177.81,0.0,Overdue,,Maintenance
INV-00515,V115,Ironclad Solutions,2025-11-16,2025-12-16,2025-12-24,2746.19,494.31,0.0,Paid,8.0,Software Licenses
INV-00083,V102,Orion Group,2025-10-07,2025-10-22,2025-11-04,2991.4,358.97,0.0,Paid,13.0,Maintenance
INV-01107,V133,Ostrich Group,2026-01-26,2026-02-25,2026-03-10,5517.96,275.9,0.0,Paid,13.0,Consulting
INV-00589,V118,Horizon Partners,2025-08-01,2025-08-16,2025-08-18,2511.54,200.92,54.26,Paid,2.0,Maintenance
INV-00769,V124,Bluewave Solutions,2026-03-06,2026-04-05,2026-03-30,2715.87,135.79,29.81,Paid,-6.0,Utilities
INV-00705,V122,Copperleaf LLC,2025-10-17,2025-11-16,2025-12-05,5750.18,690.02,0.0,Paid,19.0,Utilities
INV-00437,V113,Atlas Solutions,2025-11-26,2025-12-11,2025-12-13,4509.27,541.11,0.0,Paid,2.0,Marketing
INV-00530,V116,Silverline Group,2026-06-05,2026-06-20,2026-06-16,4972.74,596.73,0.0,Paid,-4.0,Utilities
INV-00535,V116,Silverline Group,2025-12-22,2026-01-06,2026-01-13,3584.95,179.25,0.0,Paid,7.0,Utilities
INV-00674,V121,Fieldstone Ltd.,2025-08-06,2025-09-05,2025-09-07,4457.53,534.9,0.0,Paid,2.0,Utilities
INV-00351,V109,Harbor Inc.,2025-07-17,2025-08-16,2025-08-16,2463.79,443.48,0.0,Paid,0.0,Consulting
INV-00662,V120,Stratos Group,2025-12-05,2026-01-04,2026-01-10,2559.11,127.96,0.0,Paid,6.0,Marketing
INV-00006,V100,Nimbus Inc.,2025-10-08,2025-11-22,2025-11-19,29121.68,1456.08,737.26,Paid,-3.0,Office Supplies
INV-00311,V107,Cascade Solutions,2026-02-19,2026-03-21,2026-03-25,3331.13,266.49,148.86,Paid,4.0,Office Supplies
INV-00405,V111,Anchor Partners,2026-04-29,2026-05-14,2026-05-14,5211.23,938.02,0.0,Paid,0.0,Raw Materials
INV-01054,V132,Novapoint Inc.,2025-10-13,2025-11-12,2025-11-11,3582.17,644.79,0.0,Paid,-1.0,Consulting
INV-00622,V119,Pinnacle Ltd.,2025-07-25,2025-08-24,2025-08-30,1144.66,91.57,0.0,Paid,6.0,Utilities
INV-00105,V103,Summit Ltd.,2025-10-04,2025-11-03,2025-11-23,1772.94,319.13,0.0,Paid,20.0,Utilities
INV-00098,V103,Summit Ltd.,2025-12-25,2026-01-24,2026-02-21,2105.69,105.28,0.0,Paid,28.0,Utilities
INV-00939,V127,Highland Solutions,2026-06-28,2026-08-12,2026-06-30,2889.68,520.14,50.87,Paid,-43.0,Marketing
INV-01044,V131,Marlin LLC,2026-02-27,2026-04-13,2026-04-09,4489.89,538.79,0.0,Paid,-4.0,Travel
INV-00483,V114,Crescent Solutions,2026-01-26,2026-02-25,2026-02-24,3488.73,418.65,0.0,Paid,-1.0,Raw Materials
INV-00870,V126,Everline Ltd.,2026-02-09,2026-02-24,2026-02-24,4450.32,534.04,0.0,Paid,0.0,Logistics
INV-00315,V108,Pioneer LLC,2025-12-29,2026-01-28,2026-02-08,3958.87,475.06,131.22,Paid,11.0,IT Services
INV-00584,V118,Horizon Partners,2025-09-06,2025-09-21,2025-10-05,3661.54,292.92,0.0,Paid,14.0,Maintenance
INV-00895,V126,Everline Ltd.,2026-05-17,2026-06-01,2026-05-27,3521.82,633.93,117.64,Paid,-5.0,Logistics
INV-00063,V102,Orion Group,2026-04-02,2026-04-17,2026-04-30,3017.89,241.43,0.0,Paid,13.0,Maintenance
INV-00282,V107,Cascade Solutions,2025-09-11,2025-10-11,2025-10-12,2680.61,482.51,63.71,Paid,1.0,Office Supplies
INV-00965,V128,Junction Group,2026-06-01,2026-07-16,2026-06-30,49754.85,2487.74,0.0,Paid,-16.0,Office Supplies
INV-00267,V107,Cascade Solutions,2026-03-16,2026-04-15,2026-04-11,3826.31,191.32,0.0,Paid,-4.0,Office Supplies
INV-00758,V124,Bluewave Solutions,2026-05-24,2026-06-23,2026-06-30,2143.7,171.5,0.0,Paid,7.0,Utilities
INV-00239,V107,Cascade Solutions,2025-10-05,2025-11-04,2025-10-31,3265.84,391.9,4.44,Paid,-4.0,Office Supplies
INV-00224,V107,Cascade Solutions,2026-01-23,2026-02-22,2026-02-23,3094.98,371.4,39.42,Paid,1.0,Office Supplies
INV-00146,V104,Falcon Ltd.,2025-09-22,2025-10-22,2025-10-25,6764.25,541.14,0.0,Paid,3.0,Raw Materials
INV-01088,V133,Ostrich Group,2025-12-01,2025-12-31,2026-01-03,5373.51,967.23,0.0,Paid,3.0,Consulting
INV-00374,V110,Meridian Group,2026-04-21,2026-06-05,2026-06-05,4419.71,795.55,0.0,Paid,0.0,IT Services
INV-00708,V122,Copperleaf LLC,2026-06-11,2026-07-11,,6592.4,527.39,74.37,Pending,,Utilities
INV-00119,V104,Falcon Ltd.,2025-09-05,2025-10-05,2025-10-03,12690.37,2284.27,537.11,Paid,-2.0,Raw Materials
INV-00766,V124,Bluewave Solutions,2026-02-21,2026-03-23,2026-03-29,3003.43,240.27,139.12,Paid,6.0,Utilities
INV-00585,V118,Horizon Partners,2026-01-29,2026-02-13,2026-02-13,4222.67,337.81,128.43,Paid,0.0,Maintenance
INV-00251,V107,Cascade Solutions,2025-11-14,2025-12-14,2025-12-29,2265.95,271.91,49.96,Paid,15.0,Office Supplies
INV-01125,V134,Paragon Partners,2026-06-18,2026-07-18,,1349.06,242.83,0.0,Pending,,Raw Materials
INV-00286,V107,Cascade Solutions,2026-04-01,2026-05-01,2026-04-26,2646.8,211.74,81.31,Paid,-5.0,Office Supplies
INV-00312,V108,Pioneer LLC,2025-09-27,2025-10-27,2025-11-07,5135.26,924.35,0.0,Paid,11.0,IT Services
INV-00010,V100,Nimbus Inc.,2026-05-22,2026-07-06,2026-06-30,6553.1,786.37,0.0,Paid,-6.0,Office Supplies
INV-00450,V113,Atlas Solutions,2025-10-14,2025-10-29,2025-10-28,4032.25,201.61,0.0,Paid,-1.0,Marketing
INV-00552,V117,Redwood Inc.,2025-09-06,2025-10-06,2025-09-30,4858.2,582.98,0.0,Paid,-6.0,Office Supplies
INV-00303,V107,Cascade Solutions,2025-09-06,2025-10-06,2025-10-06,3365.71,168.29,40.43,Paid,0.0,Office Supplies
INV-00197,V106,Beacon Inc.,2025-08-25,2025-09-24,2025-09-24,2690.22,134.51,6.61,Paid,0.0,Utilities
INV-00830,V126,Everline Ltd.,2025-07-02,2025-07-17,2025-07-17,4406.94,220.35,0.0,Paid,0.0,Logistics
INV-00371,V110,Meridian Group,2025-09-18,2025-11-02,2025-11-04,6001.75,720.21,0.0,Paid,2.0,IT Services
INV-00082,V102,Orion Group,2026-04-28,2026-05-13,2026-05-23,4412.57,220.63,0.0,Paid,10.0,Maintenance
INV-00390,V111,Anchor Partners,2025-09-26,2025-10-11,2025-10-11,7135.5,856.26,207.89,Paid,0.0,Raw Materials
INV-00599,V118,Horizon Partners,2025-07-05,2025-07-20,2025-07-21,3754.66,675.84,0.0,Paid,1.0,Maintenance
INV-00756,V124,Bluewave Solutions,2025-07-30,2025-08-29,2025-08-29,3549.71,283.98,144.97,Paid,0.0,Utilities
INV-00848,V126,Everline Ltd.,2026-04-12,2026-04-27,2026-05-06,4284.49,342.76,0.0,Paid,9.0,Logistics
INV-00739,V123,Northgate Partners,2026-05-16,2026-06-15,2026-06-23,4861.35,388.91,0.0,Paid,8.0,Office Supplies
INV-00658,V120,Stratos Group,2026-01-17,2026-02-16,2026-02-18,2220.26,266.43,0.0,Paid,2.0,Marketing
INV-00240,V107,Cascade Solutions,2026-01-03,2026-02-02,2026-02-01,2605.47,468.98,0.0,Paid,-1.0,Office Supplies
INV-00689,V121,Fieldstone Ltd.,2026-01-28,2026-02-27,2026-03-08,3708.35,445.0,0.0,Paid,9.0,Utilities
INV-00461,V114,Crescent Solutions,2026-03-23,2026-04-22,2026-04-25,2794.14,335.3,0.0,Paid,3.0,Raw Materials
INV-00983,V129,Kestrel Ltd.,2025-09-26,2025-10-26,2025-10-25,5448.34,272.42,139.73,Paid,-1.0,Logistics
INV-00145,V104,Falcon Ltd.,2026-06-19,2026-07-19,,10954.75,1971.86,320.95,Pending,,Raw Materials
INV-00502,V115,Ironclad Solutions,2026-04-22,2026-05-22,2026-06-06,2805.29,140.26,0.0,Paid,15.0,Software Licenses
INV-01078,V132,Novapoint Inc.,2025-08-03,2025-09-02,2025-09-06,4480.7,224.04,223.53,Paid,4.0,Consulting
INV-00178,V106,Beacon Inc.,2026-04-13,2026-05-13,2026-05-13,1701.86,204.22,0.0,Paid,0.0,Utilities
INV-01167,V122,Copperleaf LLC,2025-08-23,2025-09-22,2025-09-27,6923.82,830.86,0.0,Paid,5.0,Utilities
INV-00669,V121,Fieldstone Ltd.,2025-08-27,2025-09-26,2025-09-19,6444.13,515.53,0.0,Paid,-7.0,Utilities
INV-00558,V117,Redwood Inc.,2026-04-24,2026-05-24,2026-05-22,11740.08,939.21,0.0,Paid,-2.0,Office Supplies
INV-01162,V101,Vertex Solutions,2026-06-28,2026-07-13,2026-06-30,5432.94,651.95,0.0,Paid,-13.0,Consulting
INV-00008,V100,Nimbus Inc.,2025-09-23,2025-11-07,2025-11-13,6215.04,310.75,0.0,Paid,6.0,Office Supplies
INV-00778,V125,Cobalt Group,2025-10-15,2025-10-30,2025-10-28,5704.5,1026.81,49.1,Paid,-2.0,Maintenance
INV-00802,V125,Cobalt Group,2026-02-26,2026-03-13,2026-03-20,5644.42,1016.0,204.16,Paid,7.0,Maintenance
INV-00358,V109,Harbor Inc.,2026-01-09,2026-02-08,2026-02-06,3161.9,379.43,0.0,Paid,-2.0,Consulting
INV-00330,V108,Pioneer LLC,2026-01-05,2026-02-04,2026-02-14,3977.92,198.9,0.0,Paid,10.0,IT Services
INV-00883,V126,Everline Ltd.,2026-02-14,2026-03-01,2026-03-03,4851.91,388.15,38.34,Paid,2.0,Logistics
INV-00791,V125,Cobalt Group,2025-12-28,2026-01-12,2026-01-15,4234.22,508.11,0.0,Paid,3.0,Maintenance
INV-00259,V107,Cascade Solutions,2026-05-21,2026-06-20,2026-06-24,1799.49,323.91,52.41,Paid,4.0,Office Supplies
INV-00847,V126,Everline Ltd.,2026-04-18,2026-05-03,2026-05-04,2925.92,351.11,0.0,Paid,1.0,Logistics
INV-01163,V131,Marlin LLC,2026-01-27,2026-03-13,2026-03-08,2889.87,144.49,130.88,Paid,-5.0,Travel
INV-00783,V125,Cobalt Group,2026-04-28,2026-05-13,2026-05-17,19305.78,3475.04,0.0,Paid,4.0,Maintenance
INV-00790,V125,Cobalt Group,2026-06-24,2026-07-09,,6220.55,311.03,0.0,Pending,,Maintenance
INV-00526,V116,Silverline Group,2025-07-31,2025-08-15,2025-08-14,6138.12,736.57,0.0,Paid,-1.0,Utilities
INV-01072,V132,Novapoint Inc.,2026-03-17,2026-04-16,2026-04-09,5069.9,608.39,0.0,Paid,-7.0,Consulting
INV-00632,V120,Stratos Group,2026-05-24,2026-06-23,2026-06-18,1870.58,93.53,2.85,Paid,-5.0,Marketing
INV-00718,V122,Copperleaf LLC,2026-04-18,2026-05-18,2026-05-25,8514.12,425.71,196.94,Paid,7.0,Utilities
INV-01110,V133,Ostrich Group,2025-07-25,2025-08-24,2025-09-03,6781.96,813.84,300.32,Paid,10.0,Consulting
INV-00441,V113,Atlas Solutions,2025-12-07,2025-12-22,2025-12-24,4301.92,516.23,191.29,Paid,2.0,Marketing
INV-00532,V116,Silverline Group,2025-09-08,2025-09-23,2025-09-23,5986.52,478.92,0.0,Paid,0.0,Utilities
INV-00911,V126,Everline Ltd.,2025-10-23,2025-11-07,2025-11-11,4039.46,323.16,0.0,Paid,4.0,Logistics
INV-00229,V107,Cascade Solutions,2025-07-15,2025-08-14,2025-08-17,3760.0,676.8,0.0,Paid,3.0,Office Supplies
INV-01000,V129,Kestrel Ltd.,2026-04-15,2026-05-15,2026-05-10,5219.27,626.31,229.87,Paid,-5.0,Logistics
INV-00213,V107,Cascade Solutions,2025-09-18,2025-10-18,2025-10-21,4145.1,331.61,0.0,Paid,3.0,Office Supplies
INV-00080,V102,Orion Group,2026-03-01,2026-03-16,2026-04-01,2114.17,253.7,0.0,Paid,16.0,Maintenance
INV-00149,V104,Falcon Ltd.,2025-11-22,2025-12-22,2025-12-21,7300.6,1314.11,0.0,Paid,-1.0,Raw Materials
INV-00824,V126,Everline Ltd.,2025-09-01,2025-09-16,2025-09-17,3909.83,469.18,0.0,Paid,1.0,Logistics
INV-00627,V120,Stratos Group,2026-05-26,2026-06-25,2026-06-23,2057.47,246.9,0.0,Paid,-2.0,Marketing
INV-00134,V104,Falcon Ltd.,2025-11-29,2025-12-29,2025-12-30,10532.56,526.63,0.0,Paid,1.0,Raw Materials
INV-00747,V124,Bluewave Solutions,2026-04-02,2026-05-02,2026-04-30,2783.44,222.68,0.0,Paid,-2.0,Utilities
INV-00409,V112,Lumen Solutions,2026-04-12,2026-04-27,2026-05-03,18638.91,2236.67,228.11,Paid,6.0,Marketing
INV-01038,V131,Marlin LLC,2025-09-16,2025-10-31,2025-10-27,3115.74,373.89,0.0,Paid,-4.0,Travel
INV-00508,V115,Ironclad Solutions,2026-01-28,2026-02-27,2026-03-20,1731.67,207.8,16.27,Paid,21.0,Software Licenses
INV-00833,V126,Everline Ltd.,2025-11-27,2025-12-12,2025-12-12,2455.3,294.64,0.0,Paid,0.0,Logistics
INV-00505,V115,Ironclad Solutions,2026-06-19,2026-07-19,2026-06-30,2704.75,135.24,0.0,Paid,-19.0,Software Licenses
INV-01086,V133,Ostrich Group,2025-07-01,2025-07-31,2025-07-28,4819.61,240.98,0.0,Paid,-3.0,Consulting
INV-00348,V109,Harbor Inc.,2026-06-15,2026-07-15,2026-06-30,2624.53,472.42,0.0,Paid,-15.0,Consulting
INV-00387,V111,Anchor Partners,2025-10-13,2025-10-28,2025-10-28,4962.53,248.13,0.0,Paid,0.0,Raw Materials
INV-00001,V100,Nimbus Inc.,2026-05-18,2026-07-02,2026-06-27,5930.78,474.46,13.32,Paid,-5.0,Office Supplies
INV-00361,V110,Meridian Group,2025-08-29,2025-10-13,2025-10-17,3658.23,438.99,124.93,Paid,4.0,IT Services
INV-01103,V133,Ostrich Group,2026-02-22,2026-03-24,2026-03-25,6118.63,1101.35,0.0,Paid,1.0,Consulting
INV-00476,V114,Crescent Solutions,2026-03-30,2026-04-29,2026-04-29,2205.12,264.61,18.11,Paid,0.0,Raw Materials
INV-01051,V132,Novapoint Inc.,2025-08-24,2025-09-23,2025-09-22,5216.45,938.96,0.0,Paid,-1.0,Consulting
INV-01122,V134,Paragon Partners,2025-09-20,2025-10-20,2025-10-20,2035.17,244.22,0.0,Paid,0.0,Raw Materials
INV-00173,V105,Granite Partners,2026-05-27,2026-06-26,,4891.49,586.98,0.0,Overdue,,Utilities
INV-00451,V113,Atlas Solutions,2026-05-30,2026-06-14,2026-06-14,2355.56,424.0,0.0,Paid,0.0,Marketing
INV-00126,V104,Falcon Ltd.,2026-05-01,2026-05-31,2026-06-03,8246.01,1484.28,0.0,Paid,3.0,Raw Materials
INV-01008,V129,Kestrel Ltd.,2026-06-14,2026-07-14,2026-06-30,5311.3,424.9,0.0,Paid,-14.0,Logistics
INV-00531,V116,Silverline Group,2025-12-14,2025-12-29,2025-12-25,5486.08,658.33,220.51,Paid,-4.0,Utilities
INV-00091,V103,Summit Ltd.,2026-03-06,2026-04-05,2026-04-26,3486.8,278.94,0.0,Paid,21.0,Utilities
INV-01130,V134,Paragon Partners,2026-04-18,2026-05-18,2026-05-19,2026.07,364.69,0.0,Paid,1.0,Raw Materials
INV-00182,V106,Beacon Inc.,2025-09-28,2025-10-28,2025-10-26,2194.91,109.75,87.22,Paid,-2.0,Utilities
INV-01035,V131,Marlin LLC,2025-10-25,2025-12-09,2025-12-14,2594.0,207.52,0.0,Paid,5.0,Travel
INV-00950,V127,Highland Solutions,2025-11-23,2026-01-07,2026-01-14,5268.7,948.37,254.25,Paid,7.0,Marketing
INV-00252,V107,Cascade Solutions,2026-05-20,2026-06-19,2026-06-21,2632.98,315.96,0.0,Paid,2.0,Office Supplies
INV-00070,V102,Orion Group,2026-05-19,2026-06-03,2026-06-22,2365.67,425.82,0.0,Paid,19.0,Maintenance
INV-00132,V104,Falcon Ltd.,2025-08-24,2025-09-23,2025-09-25,5171.13,930.8,116.26,Paid,2.0,Raw Materials
INV-00301,V107,Cascade Solutions,2025-09-30,2025-10-30,2025-11-08,1874.63,224.96,0.0,Paid,9.0,Office Supplies
INV-01063,V132,Novapoint Inc.,2026-02-12,2026-03-14,2026-03-15,7580.59,379.03,0.0,Paid,1.0,Consulting
INV-00327,V108,Pioneer LLC,2025-12-06,2026-01-05,2026-01-16,5025.12,904.52,0.0,Paid,11.0,IT Services
INV-00969,V128,Junction Group,2026-01-12,2026-02-26,2026-02-17,6836.68,1230.6,0.0,Paid,-9.0,Office Supplies
INV-00500,V115,Ironclad Solutions,2026-05-27,2026-06-26,,2139.21,106.96,79.2,Overdue,,Software Licenses
INV-00860,V126,Everline Ltd.,2026-05-30,2026-06-14,2026-06-14,3284.51,591.21,0.0,Paid,0.0,Logistics
INV-00874,V126,Everline Ltd.,2026-01-12,2026-01-27,2026-01-29,3650.99,182.55,0.0,Paid,2.0,Logistics
INV-00496,V115,Ironclad Solutions,2026-06-18,2026-07-18,,2922.08,233.77,64.44,Pending,,Software Licenses
INV-00339,V109,Harbor Inc.,2026-04-13,2026-05-13,2026-05-15,4199.57,503.95,0.0,Paid,2.0,Consulting
INV-00915,V126,Everline Ltd.,2025-10-18,2025-11-02,2025-10-27,21421.76,1071.09,0.0,Paid,-6.0,Logistics
INV-00165,V105,Granite Partners,2025-11-04,2025-12-04,2025-12-14,3203.62,576.65,34.47,Paid,10.0,Utilities
INV-00029,V100,Nimbus Inc.,2025-11-11,2025-12-26,2025-12-24,4601.18,230.06,0.0,Paid,-2.0,Office Supplies
INV-00517,V115,Ironclad Solutions,2025-10-08,2025-11-07,2025-11-16,2212.0,265.44,90.29,Paid,9.0,Software Licenses
INV-00194,V106,Beacon Inc.,2026-06-11,2026-07-11,,2943.39,235.47,0.0,Pending,,Utilities
INV-00844,V126,Everline Ltd.,2026-04-13,2026-04-28,2026-05-03,4784.01,239.2,218.12,Paid,5.0,Logistics
INV-00170,V105,Granite Partners,2026-06-19,2026-07-19,2026-06-30,3677.65,661.98,0.0,Paid,-19.0,Utilities
INV-00680,V121,Fieldstone Ltd.,2025-10-25,2025-11-24,2025-11-19,3.7,0.44,0.0,Paid,-5.0,Utilities
INV-00174,V105,Granite Partners,2025-10-24,2025-11-23,2025-11-17,3375.44,270.04,0.0,Paid,-6.0,Utilities
INV-00519,V115,Ironclad Solutions,2025-12-13,2026-01-12,2026-02-02,2170.91,173.67,0.0,Paid,21.0,Software Licenses
INV-00875,V126,Everline Ltd.,2026-05-18,2026-06-02,2026-06-05,3536.0,636.48,0.0,Paid,3.0,Logistics
INV-01006,V129,Kestrel Ltd.,2026-01-18,2026-02-17,2026-03-01,4288.36,514.6,0.0,Paid,12.0,Logistics
INV-00492,V115,Ironclad Solutions,2026-05-23,2026-06-22,,1976.58,237.19,0.0,Overdue,,Software Licenses
INV-00074,V102,Orion Group,2025-08-27,2025-09-11,2025-09-25,3895.35,701.16,0.0,Paid,14.0,Maintenance
INV-01033,V131,Marlin LLC,2026-05-29,2026-07-13,,3631.87,181.59,0.0,Pending,,Travel
INV-00588,V118,Horizon Partners,2025-12-22,2026-01-06,2026-01-05,3774.31,301.94,131.12,Paid,-1.0,Maintenance
INV-00235,V107,Cascade Solutions,2025-09-07,2025-10-07,2025-09-30,1976.74,158.14,0.0,Paid,-7.0,Office Supplies
INV-00215,V107,Cascade Solutions,2026-01-25,2026-02-24,2026-02-24,2519.02,453.42,0.0,Paid,0.0,Office Supplies
INV-00899,V126,Everline Ltd.,2025-12-28,2026-01-12,2026-01-15,3871.3,193.57,0.0,Paid,3.0,Logistics
INV-00133,V104,Falcon Ltd.,2026-02-14,2026-03-16,2026-03-25,7029.49,1265.31,0.0,Paid,9.0,Raw Materials
INV-00701,V122,Copperleaf LLC,2025-11-15,2025-12-15,2025-12-30,5206.58,416.53,0.0,Paid,15.0,Utilities
INV-00893,V126,Everline Ltd.,2025-10-05,2025-10-20,2025-10-16,5164.01,929.52,14.73,Paid,-4.0,Logistics
INV-00186,V106,Beacon Inc.,2025-09-02,2025-10-02,2025-10-05,2152.34,107.62,0.0,Paid,3.0,Utilities
INV-00042,V101,Vertex Solutions,2026-05-14,2026-05-29,2026-06-05,3712.61,668.27,37.46,Paid,7.0,Consulting
INV-00109,V103,Summit Ltd.,2026-06-12,2026-07-12,2026-06-30,3278.01,590.04,148.16,Paid,-12.0,Utilities
INV-00807,V126,Everline Ltd.,2026-01-30,2026-02-14,2026-02-10,4038.65,323.09,0.0,Paid,-4.0,Logistics
INV-00569,V117,Redwood Inc.,2025-10-07,2025-11-06,2025-11-20,4819.91,578.39,0.0,Paid,14.0,Office Supplies
INV-00943,V127,Highland Solutions,2026-04-20,2026-06-04,2026-06-02,4483.08,806.95,0.0,Paid,-2.0,Marketing
INV-00951,V127,Highland Solutions,2025-10-05,2025-11-19,2025-11-30,3536.19,176.81,0.0,Paid,11.0,Marketing
INV-01123,V134,Paragon Partners,2026-05-15,2026-06-14,2026-06-17,1999.0,239.88,0.0,Paid,3.0,Raw Materials
INV-00484,V115,Ironclad Solutions,2025-10-14,2025-11-13,2025-12-03,2870.37,516.67,0.0,Paid,20.0,Software Licenses
INV-00469,V114,Crescent Solutions,2026-01-16,2026-02-15,2026-02-10,3253.66,260.29,90.03,Paid,-5.0,Raw Materials
INV-00025,V100,Nimbus Inc.,2025-07-14,2025-08-28,2025-09-03,5672.9,453.83,0.0,Paid,6.0,Office Supplies
INV-00742,V123,Northgate Partners,2026-05-14,2026-06-13,2026-06-20,3368.67,168.43,0.0,Paid,7.0,Office Supplies
INV-00651,V120,Stratos Group,2025-10-02,2025-11-01,2025-11-03,2757.99,496.44,0.0,Paid,2.0,Marketing
INV-00719,V122,Copperleaf LLC,2026-05-16,2026-06-15,,3908.26,195.41,0.0,Overdue,,Utilities
INV-00945,V127,Highland Solutions,2026-03-21,2026-05-05,2026-05-11,5968.4,477.47,137.67,Paid,6.0,Marketing
INV-00367,V110,Meridian Group,2026-03-26,2026-05-10,2026-05-10,4348.66,217.43,0.0,Paid,0.0,IT Services
INV-00800,V125,Cobalt Group,2026-04-02,2026-04-17,2026-04-12,2769.73,138.49,22.27,Paid,-5.0,Maintenance
INV-01114,V133,Ostrich Group,2025-10-11,2025-11-10,2025-11-11,7822.72,1408.09,0.0,Paid,1.0,Consulting
INV-00384,V110,Meridian Group,2026-05-23,2026-07-07,2026-06-30,4579.45,228.97,0.0,Paid,-7.0,IT Services
INV-00455,V113,Atlas Solutions,2026-06-26,2026-07-11,2026-06-30,3136.34,156.82,0.0,Paid,-11.0,Marketing
INV-00265,V107,Cascade Solutions,2026-04-19,2026-05-19,2026-05-17,1770.98,88.55,28.01,Paid,-2.0,Office Supplies
INV-00787,V125,Cobalt Group,2026-04-21,2026-05-06,2026-05-01,4470.05,357.6,0.0,Paid,-5.0,Maintenance
INV-00931,V127,Highland Solutions,2025-12-26,2026-02-09,2026-02-20,3849.86,461.98,140.14,Paid,11.0,Marketing
INV-00445,V113,Atlas Solutions,2025-10-30,2025-11-14,2025-11-25,2873.35,229.87,0.0,Paid,11.0,Marketing
INV-00396,V111,Anchor Partners,2026-03-16,2026-03-31,2026-04-03,4690.61,375.25,0.0,Paid,3.0,Raw Materials
INV-00709,V122,Copperleaf LLC,2025-08-23,2025-09-22,2025-09-27,6923.82,830.86,0.0,Paid,5.0,Utilities
INV-00177,V106,Beacon Inc.,2025-08-19,2025-09-18,2025-09-09,4221.81,211.09,0.0,Paid,-9.0,Utilities
INV-00019,V100,Nimbus Inc.,2025-12-13,2026-01-27,2026-01-29,10408.33,1873.5,194.43,Paid,2.0,Office Supplies
INV-00676,V121,Fieldstone Ltd.,2026-03-02,2026-04-01,2026-03-26,4185.51,502.26,0.0,Paid,-6.0,Utilities
INV-01158,V121,Fieldstone Ltd.,2026-05-07,2026-06-06,2026-06-08,5954.43,1071.8,242.2,Paid,2.0,Utilities
INV-00596,V118,Horizon Partners,2026-04-09,2026-04-24,2026-04-24,3141.76,565.52,0.0,Paid,0.0,Maintenance
INV-00062,V102,Orion Group,2025-09-12,2025-09-27,2025-10-14,3587.97,287.04,0.0,Paid,17.0,Maintenance
INV-00273,V107,Cascade Solutions,2025-09-26,2025-10-26,2025-10-29,1719.37,206.32,0.0,Paid,3.0,Office Supplies
INV-01095,V133,Ostrich Group,2025-08-19,2025-09-18,2025-09-18,7891.36,1420.44,0.0,Paid,0.0,Consulting
INV-00279,V107,Cascade Solutions,2026-02-20,2026-03-22,2026-03-19,2285.67,274.28,53.02,Paid,-3.0,Office Supplies
INV-00894,V126,Everline Ltd.,2026-05-08,2026-05-23,2026-05-27,6267.0,313.35,0.0,Paid,4.0,Logistics
INV-00369,V110,Meridian Group,2026-03-02,2026-04-16,2026-04-28,5718.54,1029.34,0.0,Paid,12.0,IT Services
INV-00843,V126,Everline Ltd.,2026-05-02,2026-05-17,2026-05-25,2656.44,212.52,0.0,Paid,8.0,Logistics
INV-00782,V125,Cobalt Group,2025-10-02,2025-10-17,2025-10-23,3302.82,165.14,0.0,Paid,6.0,Maintenance
INV-00740,V123,Northgate Partners,2025-08-19,2025-09-18,2025-09-18,4356.57,217.83,0.0,Paid,0.0,Office Supplies
INV-00548,V116,Silverline Group,2025-07-25,2025-08-09,2025-08-09,7586.54,379.33,205.8,Paid,0.0,Utilities
INV-01002,V129,Kestrel Ltd.,2026-03-12,2026-04-11,2026-04-11,4431.31,531.76,0.0,Paid,0.0,Logistics
INV-00856,V126,Everline Ltd.,2026-04-05,2026-04-20,2026-04-22,3046.89,548.44,0.0,Paid,2.0,Logistics
INV-00457,V113,Atlas Solutions,2025-07-05,2025-07-20,2025-07-15,2312.1,184.97,0.0,Paid,-5.0,Marketing
INV-00394,V111,Anchor Partners,2025-08-20,2025-09-04,2025-09-06,3700.21,444.03,31.52,Paid,2.0,Raw Materials
INV-00867,V126,Everline Ltd.,2026-04-14,2026-04-29,2026-04-29,2731.07,136.55,15.59,Paid,0.0,Logistics
INV-00916,V126,Everline Ltd.,2025-10-08,2025-10-23,2025-10-15,2921.0,350.52,83.64,Paid,-8.0,Logistics
INV-00376,V110,Meridian Group,2026-02-14,2026-03-31,2026-04-01,4073.03,203.65,0.0,Paid,1.0,IT Services
INV-00413,V112,Lumen Solutions,2025-10-23,2025-11-07,2025-10-30,11517.34,575.87,0.0,Paid,-8.0,Marketing
INV-00075,V102,Orion Group,2025-09-04,2025-09-19,2025-10-03,3284.96,394.2,0.0,Paid,14.0,Maintenance
INV-01091,V133,Ostrich Group,2026-05-09,2026-06-08,2026-06-09,7089.21,850.71,0.0,Paid,1.0,Consulting
INV-00819,V126,Everline Ltd.,2026-04-05,2026-04-20,2026-04-25,3892.21,194.61,0.0,Paid,5.0,Logistics
INV-00501,V115,Ironclad Solutions,2026-05-03,2026-06-02,2026-06-26,2711.37,488.05,0.0,Paid,24.0,Software Licenses
INV-01025,V130,Larkspur Ltd.,2025-08-09,2025-09-08,2025-09-07,8335.55,416.78,0.0,Paid,-1.0,Raw Materials
INV-00617,V119,Pinnacle Ltd.,2025-11-06,2025-12-06,2025-12-11,2118.73,381.37,0.0,Paid,5.0,Utilities
INV-00115,V103,Summit Ltd.,2026-03-26,2026-04-25,2026-05-04,2978.58,148.93,6.73,Paid,9.0,Utilities
INV-00418,V112,Lumen Solutions,2026-01-16,2026-01-31,2026-01-30,12808.38,2305.51,0.0,Paid,-1.0,Marketing
INV-00602,V118,Horizon Partners,2025-08-31,2025-09-15,2025-09-20,3366.43,403.97,44.62,Paid,5.0,Maintenance
INV-00605,V118,Horizon Partners,2026-03-30,2026-04-14,2026-04-08,2651.65,477.3,0.0,Paid,-6.0,Maintenance
INV-00090,V103,Summit Ltd.,2025-12-07,2026-01-06,2026-01-16,1874.08,149.93,44.97,Paid,10.0,Utilities
INV-01117,V133,Ostrich Group,2026-01-02,2026-02-01,2026-02-08,4067.41,203.37,0.0,Paid,7.0,Consulting
INV-00499,V115,Ironclad Solutions,2026-05-24,2026-06-23,,2664.42,479.6,0.0,Overdue,,Software Licenses
INV-01134,V134,Paragon Partners,2026-04-08,2026-05-08,2026-05-06,1501.95,270.35,0.0,Paid,-2.0,Raw Materials
INV-00839,V126,Everline Ltd.,2026-03-14,2026-03-29,2026-03-31,3664.27,659.57,0.0,Paid,2.0,Logistics
INV-00993,V129,Kestrel Ltd.,2026-06-26,2026-07-26,2026-06-30,4017.99,723.24,194.22,Paid,-26.0,Logistics
INV-00012,V100,Nimbus Inc.,2025-07-31,2025-09-14,2025-09-10,8337.62,667.01,0.0,Paid,-4.0,Office Supplies
INV-00397,V111,Anchor Partners,2025-09-01,2025-09-16,2025-09-15,3664.39,439.73,0.0,Paid,-1.0,Raw Materials
INV-00721,V122,Copperleaf LLC,2026-06-25,2026-07-25,2026-06-30,5698.45,1025.72,0.0,Paid,-25.0,Utilities
INV-00556,V117,Redwood Inc.,2025-10-12,2025-11-11,2025-11-04,7754.82,387.74,0.0,Paid,-7.0,Office Supplies
INV-00043,V101,Vertex Solutions,2025-12-06,2025-12-21,2025-12-26,3615.83,650.85,48.95,Paid,5.0,Consulting
INV-00168,V105,Granite Partners,2026-06-22,2026-07-22,,4142.16,331.37,0.0,Pending,,Utilities
INV-00417,V112,Lumen Solutions,2025-07-24,2025-08-08,2025-08-16,13196.27,1583.55,0.0,Paid,8.0,Marketing
INV-00577,V118,Horizon Partners,2026-05-18,2026-06-02,2026-05-21,2819.86,140.99,0.0,Paid,-12.0,Maintenance
INV-00268,V107,Cascade Solutions,2026-03-03,2026-04-02,2026-04-02,4195.84,209.79,189.63,Paid,0.0,Office Supplies
INV-00977,V128,Junction Group,2025-12-08,2026-01-22,2026-01-22,8335.05,666.8,144.89,Paid,0.0,Office Supplies
INV-00427,V112,Lumen Solutions,2025-07-05,2025-07-20,2025-07-25,10134.22,1824.16,0.0,Paid,5.0,Marketing
INV-00545,V116,Silverline Group,2026-01-24,2026-02-08,2026-02-07,8757.56,437.88,0.0,Paid,-1.0,Utilities
INV-01092,V133,Ostrich Group,2025-10-02,2025-11-01,2025-11-04,6134.21,306.71,303.23,Paid,3.0,Consulting
INV-00675,V121,Fieldstone Ltd.,2025-11-01,2025-12-01,2025-11-29,7554.53,377.73,0.0,Paid,-2.0,Utilities
INV-01028,V130,Larkspur Ltd.,2026-02-16,2026-03-18,2026-03-18,5003.21,900.58,0.0,Paid,0.0,Raw Materials
INV-01144,V134,Paragon Partners,2025-11-22,2025-12-22,2025-12-23,1319.2,158.3,0.47,Paid,1.0,Raw Materials
INV-00933,V127,Highland Solutions,2026-03-25,2026-05-09,2026-05-19,3632.96,290.64,83.55,Paid,10.0,Marketing
INV-00840,V126,Everline Ltd.,2026-03-29,2026-04-13,2026-04-03,3360.47,403.26,70.69,Paid,-10.0,Logistics
INV-00258,V107,Cascade Solutions,2025-12-07,2026-01-06,2025-12-29,1823.46,91.17,0.0,Paid,-8.0,Office Supplies
INV-00336,V109,Harbor Inc.,2025-10-15,2025-11-14,2025-11-18,5975.97,478.08,0.0,Paid,4.0,Consulting
INV-00016,V100,Nimbus Inc.,2026-06-17,2026-08-01,,5800.8,290.04,33.5,Pending,,Office Supplies
INV-00858,V126,Everline Ltd.,2025-09-19,2025-10-04,2025-10-04,5957.86,714.94,0.0,Paid,0.0,Logistics
INV-00325,V108,Pioneer LLC,2026-02-22,2026-03-24,2026-04-17,4655.47,372.44,0.0,Paid,24.0,IT Services
INV-00608,V119,Pinnacle Ltd.,2025-11-23,2025-12-23,2025-12-21,1850.71,222.09,70.77,Paid,-2.0,Utilities
INV-01027,V130,Larkspur Ltd.,2025-09-05,2025-10-05,2025-10-07,4584.64,550.16,127.39,Paid,2.0,Raw Materials
INV-00755,V124,Bluewave Solutions,2026-04-18,2026-05-18,2026-05-20,1758.0,87.9,0.0,Paid,2.0,Utilities
INV-00223,V107,Cascade Solutions,2026-02-24,2026-03-26,2026-03-29,4043.45,485.21,0.0,Paid,3.0,Office Supplies
INV-00180,V106,Beacon Inc.,2025-12-07,2026-01-06,2026-01-07,3003.13,540.56,89.23,Paid,1.0,Utilities
INV-00100,V103,Summit Ltd.,2026-01-23,2026-02-22,2026-03-19,2456.62,122.83,121.98,Paid,25.0,Utilities
INV-00522,V116,Silverline Group,2026-01-19,2026-02-03,2026-02-03,8559.57,1027.15,129.93,Paid,0.0,Utilities
INV-00023,V100,Nimbus Inc.,2026-01-14,2026-02-28,2026-03-02,6445.89,1160.26,0.0,Paid,2.0,Office Supplies
INV-00357,V109,Harbor Inc.,2026-04-15,2026-05-15,2026-05-08,4875.37,585.04,144.38,Paid,-7.0,Consulting
INV-00912,V126,Everline Ltd.,2026-03-02,2026-03-17,2026-03-20,5495.47,659.46,36.87,Paid,3.0,Logistics
INV-01082,V132,Novapoint Inc.,2026-04-27,2026-05-27,2026-05-27,5683.08,1022.95,0.0,Paid,0.0,Consulting
INV-00612,V119,Pinnacle Ltd.,2026-05-26,2026-06-25,2026-06-26,3206.99,384.84,0.0,Paid,1.0,Utilities
INV-00959,V128,Junction Group,2026-03-27,2026-05-11,2026-05-09,6045.72,725.49,167.28,Paid,-2.0,Office Supplies
INV-00341,V109,Harbor Inc.,2025-11-21,2025-12-21,2025-12-23,5574.0,278.7,0.0,Paid,2.0,Consulting
INV-00432,V113,Atlas Solutions,2026-01-08,2026-01-23,2026-01-21,2583.38,310.01,32.03,Paid,-2.0,Marketing
INV-01146,V134,Paragon Partners,2026-04-19,2026-05-19,2026-05-15,1075.62,129.07,0.0,Paid,-4.0,Raw Materials
INV-00218,V107,Cascade Solutions,2026-04-21,2026-05-21,2026-05-11,2938.0,352.56,0.0,Paid,-10.0,Office Supplies
INV-00204,V106,Beacon Inc.,2026-06-29,2026-07-29,2026-06-30,1344.93,242.09,39.87,Paid,-29.0,Utilities
INV-00862,V126,Everline Ltd.,2026-04-22,2026-05-07,2026-04-17,4608.51,230.43,209.89,Paid,-20.0,Logistics
INV-00094,V103,Summit Ltd.,2025-11-04,2025-12-04,2025-12-14,11268.71,1352.25,435.5,Paid,10.0,Utilities
INV-00762,V124,Bluewave Solutions,2025-08-22,2025-09-21,2025-09-21,2520.35,453.66,0.0,Paid,0.0,Utilities
INV-00069,V102,Orion Group,2026-06-15,2026-06-30,,2643.13,132.16,96.97,Overdue,,Maintenance
INV-00851,V126,Everline Ltd.,2025-08-05,2025-08-20,2025-08-23,4417.99,220.9,27.37,Paid,3.0,Logistics
INV-00285,V107,Cascade Solutions,2026-03-23,2026-04-22,2026-04-22,2754.51,137.73,39.47,Paid,0.0,Office Supplies
INV-00697,V122,Copperleaf LLC,2026-02-17,2026-03-19,2026-04-06,6680.78,534.46,220.51,Paid,18.0,Utilities
INV-00086,V102,Orion Group,2025-10-02,2025-10-17,2025-10-31,3996.91,479.63,0.0,Paid,14.0,Maintenance
INV-00435,V113,Atlas Solutions,2025-10-19,2025-11-03,2025-11-06,2882.59,345.91,0.0,Paid,3.0,Marketing
INV-00761,V124,Bluewave Solutions,2026-02-25,2026-03-27,2026-03-25,2069.08,165.53,0.0,Paid,-2.0,Utilities
INV-00154,V105,Granite Partners,2025-12-02,2026-01-01,2025-12-23,3169.22,158.46,23.27,Paid,-9.0,Utilities
INV-00076,V102,Orion Group,2026-06-10,2026-06-25,,4581.33,229.07,0.0,Overdue,,Maintenance
INV-01003,V129,Kestrel Ltd.,2026-06-07,2026-07-07,2026-06-30,2459.64,122.98,0.0,Paid,-7.0,Logistics
INV-00581,V118,Horizon Partners,2025-07-18,2025-08-02,2025-08-04,3131.81,563.73,0.0,Paid,2.0,Maintenance
INV-00447,V113,Atlas Solutions,2026-01-09,2026-01-24,2026-01-24,3089.15,247.13,0.0,Paid,0.0,Marketing
INV-00704,V122,Copperleaf LLC,2026-03-23,2026-04-22,2026-05-15,6872.15,549.77,118.46,Paid,23.0,Utilities
INV-00189,V106,Beacon Inc.,2026-04-25,2026-05-25,2026-05-27,2740.01,493.2,0.0,Paid,2.0,Utilities
INV-00272,V107,Cascade Solutions,2025-10-08,2025-11-07,2025-11-03,2259.34,112.97,53.66,Paid,-4.0,Office Supplies
INV-00237,V107,Cascade Solutions,2025-12-28,2026-01-27,2026-01-29,4007.11,200.36,0.0,Paid,2.0,Office Supplies
INV-00488,V115,Ironclad Solutions,2025-12-18,2026-01-17,2026-01-28,1805.45,324.98,0.0,Paid,11.0,Software Licenses
INV-01128,V134,Paragon Partners,2025-08-02,2025-09-01,2025-09-05,1771.7,212.6,0.0,Paid,4.0,Raw Materials
INV-00560,V117,Redwood Inc.,2025-07-16,2025-08-15,2025-08-07,5293.33,423.47,200.62,Paid,-8.0,Office Supplies
INV-00118,V103,Summit Ltd.,2026-03-08,2026-04-07,2026-04-05,1841.09,331.4,0.0,Paid,-2.0,Utilities
INV-01011,V130,Larkspur Ltd.,2026-02-22,2026-03-24,2026-03-20,7299.19,364.96,0.0,Paid,-4.0,Raw Materials
INV-01048,V131,Marlin LLC,2025-12-29,2026-02-12,2026-02-12,2802.5,224.2,0.0,Paid,0.0,Travel
INV-00513,V115,Ironclad Solutions,2026-01-12,2026-02-11,2026-03-05,1708.4,307.51,0.0,Paid,22.0,Software Licenses
INV-00634,V120,Stratos Group,2026-04-17,2026-05-17,2026-05-21,1670.56,133.64,0.0,Paid,4.0,Marketing
INV-00751,V124,Bluewave Solutions,2025-11-23,2025-12-23,2026-01-03,1451.18,174.14,0.0,Paid,11.0,Utilities
INV-01120,V134,Paragon Partners,2026-01-29,2026-02-28,2026-03-03,1754.48,140.36,84.16,Paid,3.0,Raw Materials
INV-00810,V126,Everline Ltd.,2026-06-02,2026-06-17,2026-06-20,3926.23,706.72,182.89,Paid,3.0,Logistics
INV-00127,V104,Falcon Ltd.,2026-06-01,2026-07-01,2026-06-30,8543.33,1025.2,0.0,Paid,-1.0,Raw Materials
INV-00117,V103,Summit Ltd.,2025-09-15,2025-10-15,2025-10-23,2358.05,117.9,0.0,Paid,8.0,Utilities
INV-00474,V114,Crescent Solutions,2026-03-22,2026-04-21,2026-04-21,2853.93,342.47,0.0,Paid,0.0,Raw Materials
INV-00741,V123,Northgate Partners,2026-05-30,2026-06-29,2026-06-26,6952.49,834.3,0.0,Paid,-3.0,Office Supplies
INV-00944,V127,Highland Solutions,2025-12-04,2026-01-18,2026-01-21,3876.97,193.85,0.0,Paid,3.0,Marketing
INV-00058,V102,Orion Group,2025-12-29,2026-01-13,2026-01-27,3367.6,269.41,30.46,Paid,14.0,Maintenance
INV-00604,V118,Horizon Partners,2026-01-28,2026-02-12,2026-02-09,4717.4,377.39,0.0,Paid,-3.0,Maintenance
INV-00922,V126,Everline Ltd.,2025-07-15,2025-07-30,2025-07-31,4080.94,326.48,0.0,Paid,1.0,Logistics
INV-00657,V120,Stratos Group,2026-06-06,2026-07-06,,17196.82,859.84,0.0,Pending,,Marketing
INV-00859,V126,Everline Ltd.,2025-11-01,2025-11-16,2025-11-21,2849.02,227.92,0.0,Paid,5.0,Logistics
INV-00877,V126,Everline Ltd.,2025-11-17,2025-12-02,2025-12-15,4071.2,488.54,0.0,Paid,13.0,Logistics
INV-00106,V103,Summit Ltd.,2026-05-24,2026-06-23,,2133.36,106.67,0.0,Overdue,,Utilities
INV-00636,V120,Stratos Group,2025-09-09,2025-10-09,2025-10-10,2459.7,442.75,0.0,Paid,1.0,Marketing
INV-00370,V110,Meridian Group,2026-06-12,2026-07-27,,4523.85,361.91,0.0,Pending,,IT Services
INV-00269,V107,Cascade Solutions,2025-12-19,2026-01-18,2026-01-14,3126.32,156.32,0.0,Paid,-4.0,Office Supplies
INV-00656,V120,Stratos Group,2026-02-20,2026-03-22,2026-03-20,1788.06,143.04,0.0,Paid,-2.0,Marketing
INV-00047,V101,Vertex Solutions,2026-01-11,2026-01-26,2026-01-28,2442.63,195.41,62.09,Paid,2.0,Consulting
INV-00350,V109,Harbor Inc.,2026-06-29,2026-07-29,2026-06-30,3635.37,290.83,139.11,Paid,-29.0,Consulting
INV-00196,V106,Beacon Inc.,2025-07-20,2025-08-19,2025-08-23,2380.4,190.43,116.13,Paid,4.0,Utilities
INV-00103,V103,Summit Ltd.,2025-07-23,2025-08-22,2025-08-31,3103.76,558.68,0.0,Paid,9.0,Utilities
INV-00005,V100,Nimbus Inc.,2025-10-07,2025-11-21,2025-11-21,4676.52,841.77,0.0,Paid,0.0,Office Supplies
INV-00620,V119,Pinnacle Ltd.,2026-06-09,2026-07-09,2026-06-30,1868.5,93.43,80.35,Paid,-9.0,Utilities
INV-00942,V127,Highland Solutions,2026-02-26,2026-04-12,2026-04-21,5328.53,266.43,114.4,Paid,9.0,Marketing
INV-01009,V129,Kestrel Ltd.,2025-08-05,2025-09-04,2025-08-31,4617.11,369.37,0.0,Paid,-4.0,Logistics
INV-00264,V107,Cascade Solutions,2026-03-19,2026-04-18,2026-04-13,2353.24,188.26,0.0,Paid,-5.0,Office Supplies
INV-01064,V132,Novapoint Inc.,2026-05-18,2026-06-17,2026-06-11,4028.62,201.43,46.74,Paid,-6.0,Consulting
INV-00444,V113,Atlas Solutions,2025-07-28,2025-08-12,2025-08-10,2987.65,358.52,0.0,Paid,-2.0,Marketing
INV-00923,V126,Everline Ltd.,2026-01-15,2026-01-30,2026-01-30,3537.8,176.89,56.22,Paid,0.0,Logistics
INV-01069,V132,Novapoint Inc.,2026-06-19,2026-07-19,2026-06-30,5479.76,657.57,0.0,Paid,-19.0,Consulting
INV-00692,V121,Fieldstone Ltd.,2026-02-20,2026-03-22,2026-03-18,5004.69,600.56,0.0,Paid,-4.0,Utilities
INV-00305,V107,Cascade Solutions,2026-01-18,2026-02-17,2026-02-23,3263.43,261.07,0.0,Paid,6.0,Office Supplies
INV-00342,V109,Harbor Inc.,2026-03-13,2026-04-12,2026-04-15,4218.34,759.3,0.0,Paid,3.0,Consulting
INV-00823,V126,Everline Ltd.,2026-06-15,2026-06-30,2026-06-25,5239.24,943.06,0.0,Paid,-5.0,Logistics
INV-00314,V108,Pioneer LLC,2025-10-03,2025-11-02,2025-11-14,4611.66,830.1,0.0,Paid,12.0,IT Services
INV-00150,V105,Granite Partners,2026-01-16,2026-02-15,2026-02-11,4526.81,814.83,152.16,Paid,-4.0,Utilities
INV-00125,V104,Falcon Ltd.,2025-12-22,2026-01-21,2026-01-21,9462.79,757.02,0.0,Paid,0.0,Raw Materials
INV-01036,V131,Marlin LLC,2026-01-27,2026-03-13,2026-03-08,2889.87,144.49,130.88,Paid,-5.0,Travel
INV-00575,V117,Redwood Inc.,2026-01-08,2026-02-07,2026-02-09,5672.03,283.6,175.86,Paid,2.0,Office Supplies
INV-00698,V122,Copperleaf LLC,2026-03-23,2026-04-22,2026-05-13,2637.78,474.8,0.0,Paid,21.0,Utilities
INV-00665,V121,Fieldstone Ltd.,2026-02-11,2026-03-13,2026-03-04,8769.45,701.56,288.75,Paid,-9.0,Utilities
INV-00051,V101,Vertex Solutions,2025-09-25,2025-10-10,2025-10-16,3191.59,382.99,0.0,Paid,6.0,Consulting
INV-00727,V123,Northgate Partners,2025-11-03,2025-12-03,2025-12-05,5372.27,644.67,118.87,Paid,2.0,Office Supplies
INV-00354,V109,Harbor Inc.,2025-07-19,2025-08-18,2025-08-17,2993.79,538.88,0.0,Paid,-1.0,Consulting
INV-01121,V134,Paragon Partners,2025-12-12,2026-01-11,2026-01-13,1201.61,96.13,35.75,Paid,2.0,Raw Materials
INV-00143,V104,Falcon Ltd.,2026-05-21,2026-06-20,2026-06-17,6266.31,751.96,0.0,Paid,-3.0,Raw Materials
INV-00471,V114,Crescent Solutions,2026-04-22,2026-05-22,2026-05-23,2968.69,356.24,0.0,Paid,1.0,Raw Materials
INV-00654,V120,Stratos Group,2025-10-18,2025-11-17,2025-11-15,3157.15,378.86,113.68,Paid,-2.0,Marketing
INV-00400,V111,Anchor Partners,2025-10-07,2025-10-22,2025-10-27,5354.32,642.52,0.0,Paid,5.0,Raw Materials
INV-00854,V126,Everline Ltd.,2026-04-23,2026-05-08,2026-05-11,4321.34,777.84,42.85,Paid,3.0,Logistics
INV-01058,V132,Novapoint Inc.,2025-08-10,2025-09-09,2025-09-11,4081.91,489.83,0.0,Paid,2.0,Consulting
INV-00321,V108,Pioneer LLC,2025-12-29,2026-01-28,2026-02-14,5313.43,956.42,0.0,Paid,17.0,IT Services
INV-00020,V100,Nimbus Inc.,2026-02-15,2026-04-01,,38462.92,373.62,196.99,Overdue,,Office Supplies
INV-00685,V121,Fieldstone Ltd.,2026-06-14,2026-07-14,2026-06-30,4727.73,567.33,0.0,Paid,-14.0,Utilities
INV-00036,V101,Vertex Solutions,2026-06-12,2026-06-27,2026-06-20,5276.97,949.85,0.0,Paid,-7.0,Consulting
INV-00506,V115,Ironclad Solutions,2025-11-13,2025-12-13,2026-01-06,2335.86,420.45,0.0,Paid,24.0,Software Licenses
INV-01043,V131,Marlin LLC,2026-06-02,2026-07-17,,46383.03,1078.77,0.0,Overdue,,Travel
INV-00408,V112,Lumen Solutions,2026-03-08,2026-03-23,2026-04-05,11724.12,1406.89,0.0,Paid,13.0,Marketing
INV-00538,V116,Silverline Group,2025-08-27,2025-09-11,2025-09-09,4479.75,537.57,0.0,Paid,-2.0,Utilities
INV-00759,V124,Bluewave Solutions,2026-01-16,2026-02-15,2026-02-12,2668.62,320.23,0.0,Paid,-3.0,Utilities
INV-01041,V131,Marlin LLC,2025-11-12,2025-12-27,2025-12-26,4035.76,322.86,0.0,Paid,-1.0,Travel
INV-00849,V126,Everline Ltd.,2025-09-09,2025-09-24,2025-09-24,5994.45,719.33,0.0,Paid,0.0,Logistics
INV-00039,V101,Vertex Solutions,2025-11-18,2025-12-03,2025-12-04,3657.75,658.4,26.16,Paid,1.0,Consulting
INV-00176,V105,Granite Partners,2026-05-18,2026-06-17,2026-06-18,4027.52,483.3,145.62,Paid,1.0,Utilities
INV-00246,V107,Cascade Solutions,2026-02-23,2026-03-25,2026-04-02,3704.77,296.38,28.44,Paid,8.0,Office Supplies
INV-01056,V132,Novapoint Inc.,2025-10-12,2025-11-11,2025-11-17,3712.21,185.61,0.0,Paid,6.0,Consulting
INV-00914,V126,Everline Ltd.,2026-04-23,2026-05-08,2026-05-13,7689.78,615.18,52.47,Paid,5.0,Logistics
INV-00785,V125,Cobalt Group,2026-06-13,2026-06-28,2026-06-28,5115.99,255.8,117.86,Paid,0.0,Maintenance
INV-01152,V122,Copperleaf LLC,2025-12-18,2026-01-17,2026-02-06,7030.98,562.48,121.78,Paid,20.0,Utilities
INV-00490,V115,Ironclad Solutions,2026-03-04,2026-04-03,2026-04-13,1572.54,188.7,28.83,Paid,10.0,Software Licenses
INV-00155,V105,Granite Partners,2026-04-27,2026-05-27,2026-06-03,2653.76,132.69,0.0,Paid,7.0,Utilities
INV-00639,V120,Stratos Group,2026-05-28,2026-06-27,2026-06-18,3055.49,366.66,0.0,Paid,-9.0,Marketing
INV-00663,V120,Stratos Group,2026-05-30,2026-06-29,2026-06-30,2564.82,307.78,0.0,Paid,1.0,Marketing
INV-00288,V107,Cascade Solutions,2026-02-11,2026-03-13,2026-03-11,2562.16,128.11,65.99,Paid,-2.0,Office Supplies
INV-00626,V120,Stratos Group,2025-08-29,2025-09-28,2025-10-04,1889.21,151.14,1.33,Paid,6.0,Marketing
INV-01164,V112,Lumen Solutions,2026-01-14,2026-01-29,2026-02-03,20858.7,2503.04,1016.34,Paid,5.0,Marketing
INV-00686,V121,Fieldstone Ltd.,2025-10-16,2025-11-15,2025-11-18,5459.59,982.73,0.0,Paid,3.0,Utilities
INV-00905,V126,Everline Ltd.,2025-12-29,2026-01-13,2026-01-08,6466.97,1164.05,0.0,Paid,-5.0,Logistics
INV-00570,V117,Redwood Inc.,2026-02-01,2026-03-03,2026-03-03,6540.14,327.01,0.0,Paid,0.0,Office Supplies
INV-01079,V132,Novapoint Inc.,2026-03-16,2026-04-15,2026-04-15,6640.52,1195.29,0.0,Paid,0.0,Consulting
INV-00735,V123,Northgate Partners,2025-10-07,2025-11-06,2025-11-09,4923.82,246.19,0.0,Paid,3.0,Office Supplies
INV-00793,V125,Cobalt Group,2025-12-20,2026-01-04,2026-01-16,3337.59,400.51,0.0,Paid,12.0,Maintenance
INV-00018,V100,Nimbus Inc.,2025-12-10,2026-01-24,2026-02-08,6734.57,1212.22,61.12,Paid,15.0,Office Supplies
INV-00128,V104,Falcon Ltd.,2026-03-30,2026-04-29,2026-04-29,7578.3,378.92,0.0,Paid,0.0,Raw Materials
INV-00323,V108,Pioneer LLC,2026-05-06,2026-06-05,2026-06-16,5232.46,418.6,0.0,Paid,11.0,IT Services
INV-00256,V107,Cascade Solutions,2025-10-06,2025-11-05,2025-11-04,2734.02,136.7,128.65,Paid,-1.0,Office Supplies
INV-00904,V126,Everline Ltd.,2026-04-09,2026-04-24,2026-04-27,3354.74,167.74,0.0,Paid,3.0,Logistics
INV-01147,V134,Paragon Partners,2025-09-23,2025-10-23,2025-10-22,951.14,171.21,30.15,Paid,-1.0,Raw Materials
INV-00191,V106,Beacon Inc.,2026-05-23,2026-06-22,2026-06-22,2562.02,461.16,0.0,Paid,0.0,Utilities
INV-00116,V103,Summit Ltd.,2025-12-24,2026-01-23,2026-02-08,2900.14,232.01,36.61,Paid,16.0,Utilities
INV-01141,V134,Paragon Partners,2026-02-08,2026-03-10,2026-03-13,1538.86,276.99,0.0,Paid,3.0,Raw Materials
INV-00845,V126,Everline Ltd.,2025-11-28,2025-12-13,2025-12-13,3751.52,450.18,0.0,Paid,0.0,Logistics
INV-00607,V119,Pinnacle Ltd.,2025-08-02,2025-09-01,2025-09-01,2455.02,196.4,0.0,Paid,0.0,Utilities
INV-00181,V106,Beacon Inc.,2025-09-27,2025-10-27,2025-10-16,1672.21,301.0,0.0,Paid,-11.0,Utilities
INV-00302,V107,Cascade Solutions,2026-05-22,2026-06-21,2026-06-21,3155.6,568.01,0.0,Paid,0.0,Office Supplies
INV-00497,V115,Ironclad Solutions,2026-06-18,2026-07-18,2026-06-30,2609.28,313.11,0.0,Paid,-18.0,Software Licenses
INV-00978,V128,Junction Group,2026-02-28,2026-04-14,2026-04-14,5376.34,430.11,0.0,Paid,0.0,Office Supplies
INV-00994,V129,Kestrel Ltd.,2026-01-10,2026-02-09,2026-02-02,4113.01,329.04,0.0,Paid,-7.0,Logistics
INV-00934,V127,Highland Solutions,2026-06-29,2026-08-13,,4052.61,729.47,29.82,Pending,,Marketing
INV-00745,V123,Northgate Partners,2026-01-12,2026-02-11,2026-02-05,4796.28,383.7,0.0,Paid,-6.0,Office Supplies
INV-00988,V129,Kestrel Ltd.,2026-04-26,2026-05-26,2026-06-05,4626.33,555.16,0.0,Paid,10.0,Logistics
INV-00518,V115,Ironclad Solutions,2025-12-01,2025-12-31,2026-01-18,2271.33,408.84,0.0,Paid,18.0,Software Licenses
INV-00373,V110,Meridian Group,2026-02-13,2026-03-30,2026-03-23,4810.59,384.85,0.0,Paid,-7.0,IT Services
INV-00046,V101,Vertex Solutions,2026-01-08,2026-01-23,2026-01-23,3932.45,196.62,186.01,Paid,0.0,Consulting
INV-00477,V114,Crescent Solutions,2026-05-14,2026-06-13,2026-06-10,3069.66,368.36,0.0,Paid,-3.0,Raw Materials
INV-00158,V105,Granite Partners,2025-12-28,2026-01-27,2026-01-29,4281.44,770.66,0.0,Paid,2.0,Utilities
INV-01019,V130,Larkspur Ltd.,2026-01-08,2026-02-07,2026-02-07,3361.32,268.91,0.0,Paid,0.0,Raw Materials
INV-00172,V105,Granite Partners,2026-05-23,2026-06-22,2026-06-26,3601.25,648.22,0.0,Paid,4.0,Utilities
INV-00017,V100,Nimbus Inc.,2026-05-10,2026-06-24,2026-06-25,6536.21,522.9,0.0,Paid,1.0,Office Supplies
INV-00512,V115,Ironclad Solutions,2026-01-23,2026-02-22,2026-03-07,9740.52,487.03,0.0,Paid,13.0,Software Licenses
INV-00049,V101,Vertex Solutions,2025-12-22,2026-01-06,2026-01-02,3840.32,192.02,112.96,Paid,-4.0,Consulting
INV-00192,V106,Beacon Inc.,2025-10-29,2025-11-28,2025-11-22,3094.06,371.29,0.0,Paid,-6.0,Utilities
INV-00547,V116,Silverline Group,2026-05-22,2026-06-06,2026-06-01,4567.88,365.43,79.48,Paid,-5.0,Utilities
INV-00516,V115,Ironclad Solutions,2025-10-11,2025-11-10,2025-11-15,2668.18,213.45,66.49,Paid,5.0,Software Licenses
INV-00962,V128,Junction Group,2026-03-31,2026-05-15,2026-05-13,6178.45,1112.12,0.0,Paid,-2.0,Office Supplies
INV-00891,V126,Everline Ltd.,2025-11-14,2025-11-29,2025-12-01,3496.01,629.28,46.76,Paid,2.0,Logistics
INV-00829,V126,Everline Ltd.,2026-01-03,2026-01-18,2026-01-20,5037.74,604.53,0.0,Paid,2.0,Logistics
INV-00935,V127,Highland Solutions,2026-03-12,2026-04-26,2026-04-27,5467.14,656.06,0.0,Paid,1.0,Marketing
INV-00481,V114,Crescent Solutions,2025-07-21,2025-08-20,2025-08-15,3181.72,254.54,0.0,Paid,-5.0,Raw Materials
INV-00284,V107,Cascade Solutions,2026-02-08,2026-03-10,2026-03-08,3698.69,184.93,0.0,Paid,-2.0,Office Supplies
INV-00984,V129,Kestrel Ltd.,2025-09-16,2025-10-16,2025-10-20,3818.25,687.28,0.0,Paid,4.0,Logistics
INV-00798,V125,Cobalt Group,2025-11-28,2025-12-13,2025-12-18,4755.93,570.71,0.0,Paid,5.0,Maintenance
INV-01053,V132,Novapoint Inc.,2025-07-29,2025-08-28,2025-09-03,3843.62,461.23,151.06,Paid,6.0,Consulting
INV-00226,V107,Cascade Solutions,2025-09-20,2025-10-20,2025-10-26,2437.36,194.99,111.8,Paid,6.0,Office Supplies
INV-00027,V100,Nimbus Inc.,2026-04-18,2026-06-02,2026-06-02,5180.8,932.54,0.0,Paid,0.0,Office Supplies
INV-00283,V107,Cascade Solutions,2026-05-08,2026-06-07,2026-06-03,3133.99,250.72,0.0,Paid,-4.0,Office Supplies
INV-01118,V133,Ostrich Group,2025-12-17,2026-01-16,2026-01-20,4610.67,829.92,0.0,Paid,4.0,Consulting
INV-00438,V113,Atlas Solutions,2025-12-02,2025-12-17,2025-12-19,2075.41,103.77,0.0,Paid,2.0,Marketing
INV-01135,V134,Paragon Partners,2025-10-04,2025-11-03,2025-11-02,1416.19,169.94,0.0,Paid,-1.0,Raw Materials
INV-00365,V110,Meridian Group,2026-02-15,2026-04-01,2026-04-04,5503.43,440.27,0.0,Paid,3.0,IT Services
INV-00230,V107,Cascade Solutions,2025-10-16,2025-11-15,2025-11-21,1611.94,128.96,0.0,Paid,6.0,Office Supplies
INV-00038,V101,Vertex Solutions,2025-12-23,2026-01-07,2026-01-11,2482.08,198.57,103.86,Paid,4.0,Consulting
INV-00670,V121,Fieldstone Ltd.,2025-12-05,2026-01-04,2025-12-31,8019.35,1443.48,0.0,Paid,-4.0,Utilities
INV-00750,V124,Bluewave Solutions,2026-03-01,2026-03-31,2026-03-30,1972.36,157.79,0.0,Paid,-1.0,Utilities
INV-01148,V134,Paragon Partners,2025-07-24,2025-08-23,,13192.27,359.08,35.84,Overdue,,Raw Materials
INV-00375,V110,Meridian Group,2026-05-03,2026-06-17,2026-06-23,2973.57,237.89,0.0,Paid,6.0,IT Services
INV-00470,V114,Crescent Solutions,2026-06-08,2026-07-08,2026-06-30,2910.39,145.52,22.45,Paid,-8.0,Raw Materials
INV-01149,V134,Paragon Partners,2025-12-16,2026-01-15,2026-01-16,1115.22,133.83,0.0,Paid,1.0,Raw Materials
INV-00688,V121,Fieldstone Ltd.,2025-10-07,2025-11-06,2025-11-05,3816.52,190.83,0.0,Paid,-1.0,Utilities
INV-00033,V101,Vertex Solutions,2026-03-30,2026-04-14,2026-04-12,3888.94,466.67,0.0,Paid,-2.0,Consulting
INV-00960,V128,Junction Group,2026-02-03,2026-03-20,2026-03-20,8317.67,665.41,123.14,Paid,0.0,Office Supplies
INV-01016,V130,Larkspur Ltd.,2026-02-21,2026-03-23,2026-03-29,6140.96,491.28,0.0,Paid,6.0,Raw Materials
INV-00195,V106,Beacon Inc.,2025-11-03,2025-12-03,2025-11-30,1817.06,218.05,70.85,Paid,-3.0,Utilities
INV-01076,V132,Novapoint Inc.,2026-02-17,2026-03-19,2026-03-18,4541.12,544.93,0.0,Paid,-1.0,Consulting
INV-01084,V133,Ostrich Group,2025-10-05,2025-11-04,2025-11-08,5981.56,717.79,130.52,Paid,4.0,Consulting
INV-00504,V115,Ironclad Solutions,2025-11-09,2025-12-09,,12860.62,249.92,0.0,Overdue,,Software Licenses
INV-00928,V126,Everline Ltd.,2026-02-10,2026-02-25,2026-02-18,3038.57,546.94,0.0,Paid,-7.0,Logistics
INV-01150,V134,Paragon Partners,2026-02-21,2026-03-23,2026-03-24,1752.52,87.63,0.0,Paid,1.0,Raw Materials
INV-01059,V132,Novapoint Inc.,2025-07-07,2025-08-06,2025-08-04,4346.25,782.32,156.06,Paid,-2.0,Consulting
INV-00801,V125,Cobalt Group,2025-10-28,2025-11-12,2025-11-10,4601.95,368.16,78.16,Paid,-2.0,Maintenance
INV-00580,V118,Horizon Partners,2026-05-05,2026-05-20,2026-05-20,5022.68,904.08,0.0,Paid,0.0,Maintenance
INV-00161,V105,Granite Partners,2025-12-30,2026-01-29,2026-01-21,2675.98,214.08,80.49,Paid,-8.0,Utilities
INV-00681,V121,Fieldstone Ltd.,2026-05-07,2026-06-06,2026-06-08,5954.43,1071.8,242.2,Paid,2.0,Utilities
INV-01100,V133,Ostrich Group,2026-05-01,2026-05-31,2026-05-31,3489.65,279.17,123.86,Paid,0.0,Consulting
INV-00163,V105,Granite Partners,2025-10-23,2025-11-22,2025-11-19,3444.18,172.21,0.0,Paid,-3.0,Utilities
INV-00822,V126,Everline Ltd.,2025-09-17,2025-10-02,2025-10-05,2605.28,130.26,0.0,Paid,3.0,Logistics
INV-00706,V122,Copperleaf LLC,2025-11-06,2025-12-06,2025-12-20,4365.48,523.86,132.09,Paid,14.0,Utilities
INV-01136,V134,Paragon Partners,2025-08-11,2025-09-10,2025-09-10,1512.87,181.54,0.0,Paid,0.0,Raw Materials
INV-00878,V126,Everline Ltd.,2026-01-31,2026-02-15,2026-02-18,2678.25,133.91,109.91,Paid,3.0,Logistics
INV-00896,V126,Everline Ltd.,2025-12-11,2025-12-26,2025-12-31,4050.4,486.05,0.0,Paid,5.0,Logistics
INV-01166,V132,Novapoint Inc.,2025-10-12,2025-11-11,2025-11-17,3712.21,185.61,0.0,Paid,6.0,Consulting
INV-00153,V105,Granite Partners,2025-08-31,2025-09-30,2025-09-30,3031.96,363.84,66.14,Paid,0.0,Utilities
INV-01073,V132,Novapoint Inc.,2025-07-12,2025-08-11,2025-08-19,3508.17,175.41,0.0,Paid,8.0,Consulting
INV-00954,V127,Highland Solutions,2026-02-24,2026-04-10,2026-04-10,2131.29,255.75,63.68,Paid,0.0,Marketing
INV-00510,V115,Ironclad Solutions,2026-05-29,2026-06-28,,1521.83,182.62,75.4,Overdue,,Software Licenses
INV-00112,V103,Summit Ltd.,2026-06-07,2026-07-07,,2027.64,162.21,0.0,Pending,,Utilities
INV-00227,V107,Cascade Solutions,2025-10-28,2025-11-27,2025-11-22,1640.32,295.26,0.0,Paid,-5.0,Office Supplies
INV-00937,V127,Highland Solutions,2026-05-06,2026-06-20,2026-06-22,3111.81,560.13,0.0,Paid,2.0,Marketing
INV-00852,V126,Everline Ltd.,2025-09-18,2025-10-03,2025-10-03,2804.59,336.55,8.87,Paid,0.0,Logistics
INV-00104,V103,Summit Ltd.,2025-07-15,2025-08-14,2025-08-30,2637.52,211.0,0.0,Paid,16.0,Utilities
INV-00422,V112,Lumen Solutions,2025-10-15,2025-10-30,2025-11-04,53522.88,4281.83,0.0,Paid,5.0,Marketing
INV-00420,V112,Lumen Solutions,2025-12-16,2025-12-31,2025-12-23,16375.77,818.79,0.0,Paid,-8.0,Marketing
INV-00625,V119,Pinnacle Ltd.,2026-02-16,2026-03-18,2026-03-21,2524.75,302.97,65.54,Paid,3.0,Utilities
INV-00587,V118,Horizon Partners,2025-10-12,2025-10-27,2025-10-23,4064.96,731.69,0.0,Paid,-4.0,Maintenance
INV-01034,V131,Marlin LLC,2025-07-19,2025-09-02,2025-09-05,6969.09,836.29,0.0,Paid,3.0,Travel
INV-00920,V126,Everline Ltd.,2026-06-19,2026-07-04,,2718.73,135.94,0.0,Pending,,Logistics
INV-00673,V121,Fieldstone Ltd.,2025-11-04,2025-12-04,2025-12-08,5719.01,1029.42,85.88,Paid,4.0,Utilities
INV-00120,V104,Falcon Ltd.,2025-08-26,2025-09-25,2025-10-03,8373.13,1507.16,0.0,Paid,8.0,Raw Materials
INV-00054,V102,Orion Group,2025-08-11,2025-08-26,2025-09-08,1553.01,124.24,0.0,Paid,13.0,Maintenance
INV-00152,V105,Granite Partners,2025-10-14,2025-11-13,2025-11-19,3100.64,248.05,136.28,Paid,6.0,Utilities
INV-00404,V111,Anchor Partners,2025-10-31,2025-11-15,2025-11-15,5841.81,701.02,0.0,Paid,0.0,Raw Materials
INV-01156,V127,Highland Solutions,2025-12-26,2026-02-09,2026-02-20,3849.86,461.98,140.14,Paid,11.0,Marketing
INV-00208,V107,Cascade Solutions,2025-09-11,2025-10-11,2025-10-06,3106.63,372.8,0.0,Paid,-5.0,Office Supplies
INV-01104,V133,Ostrich Group,2026-01-18,2026-02-17,2026-02-11,3660.06,439.21,0.0,Paid,-6.0,Consulting
INV-00659,V120,Stratos Group,2026-03-27,2026-04-26,2026-04-26,2241.23,112.06,0.25,Paid,0.0,Marketing
INV-01068,V132,Novapoint Inc.,2025-10-12,2025-11-11,2025-11-06,4291.47,214.57,0.0,Paid,-5.0,Consulting
INV-00233,V107,Cascade Solutions,2026-01-26,2026-02-25,2026-03-03,5353.24,963.58,0.0,Paid,6.0,Office Supplies
INV-00009,V100,Nimbus Inc.,2026-03-05,2026-04-19,2026-04-19,7055.75,564.46,0.0,Paid,0.0,Office Supplies
INV-00160,V105,Granite Partners,2026-04-03,2026-05-03,2026-04-30,2328.23,419.08,85.53,Paid,-3.0,Utilities
INV-00037,V101,Vertex Solutions,2026-05-27,2026-06-11,2026-06-13,2584.1,129.21,0.0,Paid,2.0,Consulting
INV-00453,V113,Atlas Solutions,2026-04-02,2026-04-17,2026-04-17,1741.9,313.54,9.92,Paid,0.0,Marketing
INV-00652,V120,Stratos Group,2026-04-18,2026-05-18,2026-05-20,2965.51,533.79,107.29,Paid,2.0,Marketing
INV-00254,V107,Cascade Solutions,2026-04-10,2026-05-10,2026-05-16,3018.69,241.5,0.0,Paid,6.0,Office Supplies
INV-00304,V107,Cascade Solutions,2026-04-16,2026-05-16,2026-05-13,2989.45,239.16,0.0,Paid,-3.0,Office Supplies
INV-00897,V126,Everline Ltd.,2026-02-07,2026-02-22,2026-02-24,7347.38,587.79,0.0,Paid,2.0,Logistics
INV-01049,V131,Marlin LLC,2026-02-05,2026-03-22,2026-03-31,3517.37,633.13,47.63,Paid,9.0,Travel
INV-00881,V126,Everline Ltd.,2026-03-13,2026-03-28,2026-03-21,5501.06,660.13,45.55,Paid,-7.0,Logistics
INV-00572,V117,Redwood Inc.,2025-09-08,2025-10-08,2025-10-10,6820.41,818.45,144.6,Paid,2.0,Office Supplies
INV-00624,V119,Pinnacle Ltd.,2026-04-30,2026-05-30,2026-05-26,1969.59,236.35,6.86,Paid,-4.0,Utilities
INV-00971,V128,Junction Group,2025-08-26,2025-10-10,2025-10-14,9266.77,1112.01,0.0,Paid,4.0,Office Supplies
INV-00985,V129,Kestrel Ltd.,2026-06-27,2026-07-27,,7074.48,353.72,0.0,Pending,,Logistics
INV-00975,V128,Junction Group,2026-03-26,2026-05-10,2026-05-21,9095.12,454.76,0.0,Paid,11.0,Office Supplies
INV-00263,V107,Cascade Solutions,2026-05-05,2026-06-04,2026-06-12,3406.31,272.5,0.0,Paid,8.0,Office Supplies
INV-00611,V119,Pinnacle Ltd.,2026-04-28,2026-05-28,2026-05-28,2407.41,120.37,0.0,Paid,0.0,Utilities
INV-00298,V107,Cascade Solutions,2026-04-04,2026-05-04,2026-05-01,3712.2,296.98,0.0,Paid,-3.0,Office Supplies
INV-00415,V112,Lumen Solutions,2025-12-16,2025-12-31,2026-01-03,12632.75,2273.9,497.06,Paid,3.0,Marketing
INV-00151,V105,Granite Partners,2026-05-21,2026-06-20,2026-06-28,3953.92,711.71,0.0,Paid,8.0,Utilities
INV-00946,V127,Highland Solutions,2025-08-09,2025-09-23,2025-09-27,5256.88,262.84,0.0,Paid,4.0,Marketing
INV-00473,V114,Crescent Solutions,2026-04-21,2026-05-21,2026-05-21,3062.58,551.26,0.0,Paid,0.0,Raw Materials
INV-00953,V127,Highland Solutions,2025-07-12,2025-08-26,2025-08-30,3540.67,283.25,0.0,Paid,4.0,Marketing
INV-00779,V125,Cobalt Group,2025-08-29,2025-09-13,2025-09-20,3272.42,589.04,0.0,Paid,7.0,Maintenance
INV-00641,V120,Stratos Group,2026-06-20,2026-07-20,2026-06-30,2081.79,249.81,0.0,Paid,-20.0,Marketing
INV-01157,V127,Highland Solutions,2025-07-29,2025-09-12,2025-09-09,3817.89,458.15,0.0,Paid,-3.0,Marketing
INV-01099,V133,Ostrich Group,2026-05-16,2026-06-15,2026-06-11,4471.61,804.89,0.0,Paid,-4.0,Consulting
INV-00551,V117,Redwood Inc.,2026-06-08,2026-07-08,2026-06-30,6867.26,824.07,0.0,Paid,-8.0,Office Supplies
INV-00640,V120,Stratos Group,2025-11-18,2025-12-18,2025-12-25,2403.99,192.32,0.0,Paid,7.0,Marketing
INV-00936,V127,Highland Solutions,2025-07-26,2025-09-09,2025-09-13,4703.06,235.15,0.0,Paid,4.0,Marketing
INV-00929,V127,Highland Solutions,2025-12-12,2026-01-26,2026-01-31,4839.71,580.77,0.0,Paid,5.0,Marketing
INV-00489,V115,Ironclad Solutions,2026-05-10,2026-06-09,2026-06-26,1594.43,127.55,0.0,Paid,17.0,Software Licenses
INV-00820,V126,Everline Ltd.,2026-01-25,2026-02-09,2026-02-17,5304.45,265.22,0.0,Paid,8.0,Logistics
INV-00711,V122,Copperleaf LLC,2026-06-06,2026-07-06,2026-06-30,5054.26,404.34,235.56,Paid,-6.0,Utilities
INV-01097,V133,Ostrich Group,2026-01-17,2026-02-16,2026-02-18,3008.21,360.99,0.0,Paid,2.0,Consulting
INV-00148,V104,Falcon Ltd.,2026-04-16,2026-05-16,2026-05-18,8024.23,1444.36,0.0,Paid,2.0,Raw Materials
INV-00147,V104,Falcon Ltd.,2026-06-15,2026-07-15,,10881.35,544.07,212.22,Pending,,Raw Materials
INV-00987,V129,Kestrel Ltd.,2025-09-19,2025-10-19,2025-10-18,4732.13,851.78,0.0,Paid,-1.0,Logistics
INV-00963,V128,Junction Group,2026-01-17,2026-03-03,2026-03-03,5950.9,297.54,0.0,Paid,0.0,Office Supplies
INV-00346,V109,Harbor Inc.,2025-10-08,2025-11-07,2025-11-15,4324.8,518.98,40.98,Paid,8.0,Consulting
INV-01012,V130,Larkspur Ltd.,2026-06-21,2026-07-21,,5160.44,258.02,39.92,Pending,,Raw Materials
INV-00932,V127,Highland Solutions,2026-06-15,2026-07-30,,4087.72,490.53,0.0,Pending,,Marketing
INV-00955,V128,Junction Group,2025-08-24,2025-10-08,2025-10-13,4272.67,341.81,136.28,Paid,5.0,Office Supplies
INV-01094,V133,Ostrich Group,2025-08-22,2025-09-21,2025-09-21,7728.42,618.27,0.0,Paid,0.0,Consulting
INV-00660,V120,Stratos Group,2026-05-20,2026-06-19,2026-06-20,2587.83,129.39,0.0,Paid,1.0,Marketing
INV-00771,V124,Bluewave Solutions,2025-07-31,2025-08-30,2025-08-26,3045.89,152.29,0.0,Paid,-4.0,Utilities
INV-00349,V109,Harbor Inc.,2025-08-06,2025-09-05,2025-09-05,3532.5,635.85,41.81,Paid,0.0,Consulting
INV-00464,V114,Crescent Solutions,2025-07-30,2025-08-29,2025-08-26,2349.72,117.49,0.0,Paid,-3.0,Raw Materials
INV-00326,V108,Pioneer LLC,2025-11-20,2025-12-20,2026-01-07,6401.46,320.07,0.0,Paid,18.0,IT Services
INV-00187,V106,Beacon Inc.,2025-07-11,2025-08-10,2025-08-13,3319.18,597.45,0.0,Paid,3.0,Utilities
INV-00124,V104,Falcon Ltd.,2025-12-15,2026-01-14,2026-01-16,8192.13,409.61,48.72,Paid,2.0,Raw Materials
INV-01075,V132,Novapoint Inc.,2026-05-10,2026-06-09,2026-06-10,4088.65,735.96,0.0,Paid,1.0,Consulting
INV-00609,V119,Pinnacle Ltd.,2026-01-28,2026-02-27,2026-03-07,1607.74,80.39,0.0,Paid,8.0,Utilities
INV-00144,V104,Falcon Ltd.,2025-09-26,2025-10-26,2025-10-21,8458.29,422.91,0.0,Paid,-5.0,Raw Materials
INV-00752,V124,Bluewave Solutions,2025-11-11,2025-12-11,2025-12-14,3330.39,399.65,141.81,Paid,3.0,Utilities
INV-01142,V134,Paragon Partners,2025-11-06,2025-12-06,2025-12-07,1773.81,88.69,0.0,Paid,1.0,Raw Materials
INV-00907,V126,Everline Ltd.,2025-08-07,2025-08-22,2025-08-30,5182.4,621.89,0.0,Paid,8.0,Logistics
INV-00982,V128,Junction Group,2025-10-13,2025-11-27,2025-12-03,5777.98,462.24,170.09,Paid,6.0,Office Supplies
INV-00198,V106,Beacon Inc.,2026-02-07,2026-03-09,2026-03-09,2490.12,199.21,0.0,Paid,0.0,Utilities
INV-00610,V119,Pinnacle Ltd.,2025-07-01,2025-07-31,2025-08-06,2036.58,244.39,0.0,Paid,6.0,Utilities
INV-00884,V126,Everline Ltd.,2025-10-22,2025-11-06,2025-11-03,5163.07,258.15,0.0,Paid,-3.0,Logistics
INV-00837,V126,Everline Ltd.,2025-12-22,2026-01-06,2026-01-14,4874.06,877.33,0.0,Paid,8.0,Logistics
INV-00280,V107,Cascade Solutions,2025-09-16,2025-10-16,2025-10-14,4072.84,488.74,0.0,Paid,-2.0,Office Supplies
INV-00294,V107,Cascade Solutions,2026-05-07,2026-06-06,2026-06-07,3067.27,368.07,0.0,Paid,1.0,Office Supplies
INV-01060,V132,Novapoint Inc.,2025-11-25,2025-12-25,2025-12-13,5214.39,938.59,144.28,Paid,-12.0,Consulting
INV-00401,V111,Anchor Partners,2025-07-29,2025-08-13,2025-08-13,3967.79,198.39,0.0,Paid,0.0,Raw Materials
INV-00123,V104,Falcon Ltd.,2026-02-04,2026-03-06,2026-03-15,7726.82,927.22,0.0,Paid,9.0,Raw Materials
INV-00184,V106,Beacon Inc.,2026-03-29,2026-04-28,2026-04-30,3791.83,189.59,0.0,Paid,2.0,Utilities
INV-00203,V106,Beacon Inc.,2025-07-08,2025-08-07,2025-08-06,2266.41,271.97,0.0,Paid,-1.0,Utilities
INV-00439,V113,Atlas Solutions,2026-04-16,2026-05-01,2026-05-07,2035.6,162.85,0.0,Paid,6.0,Marketing
INV-00836,V126,Everline Ltd.,2025-11-05,2025-11-20,2025-11-24,3545.35,638.16,0.0,Paid,4.0,Logistics
INV-00247,V107,Cascade Solutions,2026-05-14,2026-06-13,2026-06-12,3345.48,602.19,0.0,Paid,-1.0,Office Supplies
INV-00416,V112,Lumen Solutions,2025-12-01,2025-12-16,2025-12-17,10221.74,817.74,32.82,Paid,1.0,Marketing
INV-01032,V131,Marlin LLC,2025-12-20,2026-02-03,2026-01-31,3167.86,253.43,100.77,Paid,-3.0,Travel
INV-00672,V121,Fieldstone Ltd.,2025-11-22,2025-12-22,2025-12-21,4788.44,383.08,0.0,Paid,-1.0,Utilities
INV-01109,V133,Ostrich Group,2026-06-23,2026-07-23,,4235.53,762.4,0.0,Pending,,Consulting
INV-01062,V132,Novapoint Inc.,2025-07-13,2025-08-12,2025-08-21,4311.7,215.58,49.35,Paid,9.0,Consulting
INV-00053,V102,Orion Group,2025-12-09,2025-12-24,2025-12-29,2996.44,239.72,90.02,Paid,5.0,Maintenance
INV-00130,V104,Falcon Ltd.,2026-05-03,2026-06-02,2026-05-29,7064.41,353.22,0.0,Paid,-4.0,Raw Materials
INV-00638,V120,Stratos Group,2026-05-23,2026-06-22,2026-06-18,2025.18,364.53,6.61,Paid,-4.0,Marketing
INV-00403,V111,Anchor Partners,2026-06-29,2026-07-14,2026-06-30,6689.39,334.47,0.0,Paid,-14.0,Raw Materials
INV-00385,V111,Anchor Partners,2026-02-13,2026-02-28,2026-03-07,5302.59,954.47,0.0,Paid,7.0,Raw Materials
INV-00225,V107,Cascade Solutions,2025-11-01,2025-12-01,2025-12-03,2487.92,199.03,0.0,Paid,2.0,Office Supplies
INV-00736,V123,Northgate Partners,2026-06-03,2026-07-03,2026-06-30,4509.89,811.78,62.18,Paid,-3.0,Office Supplies
INV-00997,V129,Kestrel Ltd.,2025-08-04,2025-09-03,2025-09-12,33261.46,3991.38,0.0,Paid,9.0,Logistics
INV-00855,V126,Everline Ltd.,2026-03-23,2026-04-07,2026-04-07,5684.73,682.17,19.49,Paid,0.0,Logistics
INV-01112,V133,Ostrich Group,2026-01-29,2026-02-28,2026-03-01,5619.91,674.39,88.25,Paid,1.0,Consulting
INV-00220,V107,Cascade Solutions,2025-09-22,2025-10-22,2025-10-17,2860.86,143.04,58.65,Paid,-5.0,Office Supplies
INV-00642,V120,Stratos Group,2025-10-01,2025-10-31,2025-11-07,2393.39,430.81,74.16,Paid,7.0,Marketing
INV-00002,V100,Nimbus Inc.,2026-03-20,2026-05-04,2026-05-11,6439.57,321.98,0.0,Paid,7.0,Office Supplies
INV-00113,V103,Summit Ltd.,2025-07-06,2025-08-05,2025-08-28,2594.34,207.55,0.0,Paid,23.0,Utilities
INV-00699,V122,Copperleaf LLC,2026-05-06,2026-06-05,2026-06-25,5543.08,997.75,0.0,Paid,20.0,Utilities
INV-00081,V102,Orion Group,2026-01-04,2026-01-19,2026-02-07,4944.62,593.35,0.0,Paid,19.0,Maintenance
INV-00952,V127,Highland Solutions,2026-01-14,2026-02-28,2026-03-02,2740.78,328.89,0.0,Paid,2.0,Marketing
INV-01050,V131,Marlin LLC,2026-04-21,2026-06-05,2026-06-05,2672.98,320.76,0.0,Paid,0.0,Travel
INV-00442,V113,Atlas Solutions,2025-10-11,2025-10-26,2025-10-26,4256.33,766.14,69.41,Paid,0.0,Marketing
INV-00664,V120,Stratos Group,2026-04-24,2026-05-24,2026-05-23,2085.67,250.28,0.0,Paid,-1.0,Marketing
INV-01067,V132,Novapoint Inc.,2026-01-25,2026-02-24,2026-02-20,4087.83,327.03,55.87,Paid,-4.0,Consulting
INV-00318,V108,Pioneer LLC,2026-01-11,2026-02-10,2026-02-22,5870.76,1056.74,272.88,Paid,12.0,IT Services
INV-00649,V120,Stratos Group,2025-12-16,2026-01-15,2026-01-21,1402.74,70.14,0.0,Paid,6.0,Marketing
INV-00710,V122,Copperleaf LLC,2026-02-26,2026-03-28,2026-04-06,4545.26,227.26,0.0,Paid,9.0,Utilities
INV-00973,V128,Junction Group,2025-08-18,2025-10-02,2025-09-28,6256.76,1126.22,208.76,Paid,-4.0,Office Supplies
INV-00628,V120,Stratos Group,2025-08-12,2025-09-11,2025-09-13,2422.98,290.76,0.0,Paid,2.0,Marketing
INV-00633,V120,Stratos Group,2025-10-24,2025-11-23,2025-11-25,1592.93,286.73,0.0,Paid,2.0,Marketing
INV-01139,V134,Paragon Partners,2025-08-07,2025-09-06,2025-09-02,2833.35,340.0,49.84,Paid,-4.0,Raw Materials
INV-00796,V125,Cobalt Group,2025-12-11,2025-12-26,2025-12-28,4102.44,492.29,37.73,Paid,2.0,Maintenance
INV-00646,V120,Stratos Group,2026-04-22,2026-05-22,2026-05-18,10573.9,1268.87,65.88,Paid,-4.0,Marketing
INV-01013,V130,Larkspur Ltd.,2025-07-22,2025-08-21,2025-08-22,5417.84,650.14,0.0,Paid,1.0,Raw Materials
INV-00557,V117,Redwood Inc.,2025-08-18,2025-09-17,2025-09-12,7417.53,1335.16,366.49,Paid,-5.0,Office Supplies
INV-00682,V121,Fieldstone Ltd.,2025-10-28,2025-11-27,2025-12-02,5918.15,295.91,0.0,Paid,5.0,Utilities
INV-00578,V118,Horizon Partners,2026-04-16,2026-05-01,2026-04-30,2761.94,331.43,111.9,Paid,-1.0,Maintenance
INV-00525,V116,Silverline Group,2025-09-28,2025-10-13,2025-10-08,3580.52,644.49,0.0,Paid,-5.0,Utilities
INV-00541,V116,Silverline Group,2026-02-11,2026-02-26,2026-03-01,5049.88,252.49,53.07,Paid,3.0,Utilities
INV-00749,V124,Bluewave Solutions,2026-04-19,2026-05-19,2026-05-16,3279.77,393.57,0.0,Paid,-3.0,Utilities
INV-01080,V132,Novapoint Inc.,2026-02-20,2026-03-22,2026-03-31,3979.9,318.39,46.31,Paid,9.0,Consulting
INV-00485,V115,Ironclad Solutions,2026-04-26,2026-05-26,2026-06-02,1927.04,154.16,0.0,Paid,7.0,Software Licenses
INV-00096,V103,Summit Ltd.,2025-07-17,2025-08-16,2025-09-12,1922.21,230.67,0.0,Paid,27.0,Utilities
INV-01021,V130,Larkspur Ltd.,2026-01-17,2026-02-16,2026-02-16,8407.74,1008.93,0.0,Paid,0.0,Raw Materials
INV-00564,V117,Redwood Inc.,2025-08-10,2025-09-09,2025-09-13,8471.25,677.7,0.0,Paid,4.0,Office Supplies
INV-00743,V123,Northgate Partners,2025-07-19,2025-08-18,2025-08-23,5579.14,669.5,2.58,Paid,5.0,Office Supplies
INV-00864,V126,Everline Ltd.,2026-01-15,2026-01-30,2026-02-02,3896.56,311.72,7.32,Paid,3.0,Logistics
INV-00892,V126,Everline Ltd.,2026-02-10,2026-02-25,2026-03-01,3216.69,257.34,0.0,Paid,4.0,Logistics
INV-01039,V131,Marlin LLC,2025-09-26,2025-11-10,2025-11-09,3790.66,454.88,11.92,Paid,-1.0,Travel
INV-00207,V107,Cascade Solutions,2026-06-08,2026-07-08,,3046.67,152.33,0.0,Pending,,Office Supplies
INV-00393,V111,Anchor Partners,2026-03-18,2026-04-02,2026-04-02,4469.38,804.49,0.0,Paid,0.0,Raw Materials
INV-00795,V125,Cobalt Group,2025-11-02,2025-11-17,2025-11-15,3992.25,199.61,0.0,Paid,-2.0,Maintenance
INV-00871,V126,Everline Ltd.,2025-09-02,2025-09-17,2025-09-22,3597.43,287.79,0.0,Paid,5.0,Logistics
INV-00398,V111,Anchor Partners,2025-08-13,2025-08-28,2025-09-05,4857.08,874.27,134.79,Paid,8.0,Raw Materials
INV-00767,V124,Bluewave Solutions,2025-11-01,2025-12-01,2025-12-01,2241.46,403.46,0.0,Paid,0.0,Utilities
INV-01071,V132,Novapoint Inc.,2026-03-26,2026-04-25,2026-05-07,3513.6,632.45,0.0,Paid,12.0,Consulting
INV-01029,V131,Marlin LLC,2026-03-22,2026-05-06,2026-05-03,3883.78,194.19,0.0,Paid,-3.0,Travel
INV-00643,V120,Stratos Group,2025-07-31,2025-08-30,2025-09-02,2501.55,450.28,0.0,Paid,3.0,Marketing
INV-00613,V119,Pinnacle Ltd.,2026-06-20,2026-07-20,2026-06-30,2407.54,433.36,0.0,Paid,-20.0,Utilities
INV-00961,V128,Junction Group,2026-06-06,2026-07-21,,5205.39,260.27,0.0,Pending,,Office Supplies
INV-00726,V123,Northgate Partners,2026-05-18,2026-06-17,2026-06-17,4713.68,565.64,0.0,Paid,0.0,Office Supplies
INV-00684,V121,Fieldstone Ltd.,2026-03-10,2026-04-09,2026-04-11,4459.54,356.76,151.16,Paid,2.0,Utilities
INV-00099,V103,Summit Ltd.,2025-07-24,2025-08-23,2025-09-13,2579.23,464.26,0.0,Paid,21.0,Utilities
INV-00805,V126,Everline Ltd.,2026-03-18,2026-04-02,2026-03-31,5627.78,1013.0,0.0,Paid,-2.0,Logistics
INV-00407,V111,Anchor Partners,2026-06-06,2026-06-21,2026-06-28,4909.73,589.17,0.0,Paid,7.0,Raw Materials
INV-00503,V115,Ironclad Solutions,2025-08-28,2025-09-27,2025-10-15,2245.05,404.11,0.0,Paid,18.0,Software Licenses
INV-01057,V132,Novapoint Inc.,2025-08-29,2025-09-28,2025-09-23,4636.63,370.93,0.0,Paid,-5.0,Consulting
INV-00930,V127,Highland Solutions,2026-01-17,2026-03-03,2026-03-05,2393.83,191.51,0.0,Paid,2.0,Marketing
INV-00780,V125,Cobalt Group,2025-07-21,2025-08-05,2025-08-07,3279.15,163.96,0.0,Paid,2.0,Maintenance
INV-00201,V106,Beacon Inc.,2025-07-29,2025-08-28,2025-08-29,2666.96,213.36,0.0,Paid,1.0,Utilities
INV-00135,V104,Falcon Ltd.,2025-12-21,2026-01-20,2026-01-24,9315.76,1117.89,0.0,Paid,4.0,Raw Materials
INV-01052,V132,Novapoint Inc.,2025-10-09,2025-11-08,2025-11-16,7000.21,840.03,0.0,Paid,8.0,Consulting
INV-00041,V101,Vertex Solutions,2026-04-29,2026-05-14,2026-05-14,2146.9,171.75,85.98,Paid,0.0,Consulting
INV-01018,V130,Larkspur Ltd.,2026-01-14,2026-02-13,2026-02-16,21369.11,1709.53,0.0,Paid,3.0,Raw Materials
INV-00231,V107,Cascade Solutions,2026-02-15,2026-03-17,2026-03-17,2818.77,338.25,103.8,Paid,0.0,Office Supplies
INV-00379,V110,Meridian Group,2026-02-11,2026-03-28,2026-03-21,4129.29,743.27,0.0,Paid,-7.0,IT Services
INV-00289,V107,Cascade Solutions,2026-05-15,2026-06-14,2026-06-16,2409.44,289.13,0.0,Paid,2.0,Office Supplies
INV-00419,V112,Lumen Solutions,2026-02-10,2026-02-25,2026-03-02,15139.63,1211.17,314.04,Paid,5.0,Marketing
INV-00392,V111,Anchor Partners,2025-12-03,2025-12-18,2025-12-18,4649.77,371.98,190.56,Paid,0.0,Raw Materials
INV-00593,V118,Horizon Partners,2026-01-12,2026-01-27,2026-01-21,5320.67,266.03,86.08,Paid,-6.0,Maintenance
INV-00648,V120,Stratos Group,2026-06-08,2026-07-08,2026-06-30,2342.91,421.72,0.0,Paid,-8.0,Marketing
INV-00521,V116,Silverline Group,2025-10-15,2025-10-30,2025-11-03,6729.37,1211.29,0.0,Paid,4.0,Utilities
INV-00065,V102,Orion Group,2025-12-23,2026-01-07,2026-01-26,4081.13,489.74,0.0,Paid,19.0,Maintenance
INV-00015,V100,Nimbus Inc.,2026-04-05,2026-05-20,2026-05-17,4601.69,552.2,0.0,Paid,-3.0,Office Supplies
INV-01065,V132,Novapoint Inc.,2025-08-12,2025-09-11,2025-09-15,5683.04,454.64,278.37,Paid,4.0,Consulting
INV-00493,V115,Ironclad Solutions,2025-11-11,2025-12-11,2025-12-19,2928.07,351.37,17.0,Paid,8.0,Software Licenses
INV-00380,V110,Meridian Group,2025-12-28,2026-02-11,2026-02-11,4539.54,226.98,0.0,Paid,0.0,IT Services
INV-00188,V106,Beacon Inc.,2025-07-27,2025-08-26,2025-08-31,3142.42,251.39,110.9,Paid,5.0,Utilities
INV-00764,V124,Bluewave Solutions,2025-10-17,2025-11-16,2025-11-09,2534.47,126.72,2.89,Paid,-7.0,Utilities
INV-00217,V107,Cascade Solutions,2025-11-10,2025-12-10,2025-12-12,3069.39,552.49,119.06,Paid,2.0,Office Supplies
INV-00792,V125,Cobalt Group,2025-07-11,2025-07-26,2025-07-27,3580.54,179.03,20.1,Paid,1.0,Maintenance
INV-01077,V132,Novapoint Inc.,2026-04-03,2026-05-03,2026-05-05,4127.14,742.89,0.0,Paid,2.0,Consulting
INV-00879,V126,Everline Ltd.,2026-03-10,2026-03-25,2026-03-18,4056.54,324.52,131.03,Paid,-7.0,Logistics
INV-00338,V109,Harbor Inc.,2025-11-20,2025-12-20,2025-12-19,6066.29,303.31,0.0,Paid,-1.0,Consulting
INV-00720,V122,Copperleaf LLC,2026-06-30,2026-07-30,,6077.09,486.17,0.0,Pending,,Utilities
INV-00296,V107,Cascade Solutions,2026-01-27,2026-02-26,2026-02-26,1538.01,276.84,23.18,Paid,0.0,Office Supplies
INV-01017,V130,Larkspur Ltd.,2025-12-09,2026-01-08,2026-01-04,27144.16,2171.53,0.0,Paid,-4.0,Raw Materials
INV-00456,V113,Atlas Solutions,2026-05-05,2026-05-20,2026-05-15,3154.65,378.56,150.35,Paid,-5.0,Marketing
INV-00816,V126,Everline Ltd.,2025-08-12,2025-08-27,2025-08-29,3444.74,620.05,0.0,Paid,2.0,Logistics
INV-00270,V107,Cascade Solutions,2026-04-22,2026-05-22,2026-05-15,2258.83,406.59,0.0,Paid,-7.0,Office Supplies
INV-00996,V129,Kestrel Ltd.,2025-10-06,2025-11-05,2025-11-13,6116.67,1101.0,264.85,Paid,8.0,Logistics
INV-00202,V106,Beacon Inc.,2025-12-01,2025-12-31,2025-12-28,2242.04,403.57,105.0,Paid,-3.0,Utilities
INV-00162,V105,Granite Partners,2026-03-15,2026-04-14,2026-04-12,3222.98,161.15,0.0,Paid,-2.0,Utilities
INV-00730,V123,Northgate Partners,2025-10-01,2025-10-31,2025-11-06,7536.28,602.9,0.0,Paid,6.0,Office Supplies
INV-00402,V111,Anchor Partners,2025-09-12,2025-09-27,2025-09-27,6504.2,325.21,0.0,Paid,0.0,Raw Materials
INV-00703,V122,Copperleaf LLC,2025-12-18,2026-01-17,2026-02-06,7030.98,562.48,121.78,Paid,20.0,Utilities
INV-00566,V117,Redwood Inc.,2025-08-07,2025-09-06,2025-09-08,9055.8,1630.04,195.1,Paid,2.0,Office Supplies
INV-01022,V130,Larkspur Ltd.,2025-09-21,2025-10-21,2025-10-21,5278.81,950.19,0.0,Paid,0.0,Raw Materials
INV-01026,V130,Larkspur Ltd.,2025-08-12,2025-09-11,2025-09-13,5283.15,633.98,0.0,Paid,2.0,Raw Materials
INV-01105,V133,Ostrich Group,2026-04-28,2026-05-28,2026-05-28,6189.42,1114.1,0.0,Paid,0.0,Consulting
INV-00206,V107,Cascade Solutions,2025-10-12,2025-11-11,2025-11-21,3201.23,384.15,0.0,Paid,10.0,Office Supplies
INV-00035,V101,Vertex Solutions,2025-11-27,2025-12-12,2025-12-03,4377.54,350.2,0.0,Paid,-9.0,Consulting
INV-00776,V125,Cobalt Group,2025-08-29,2025-09-13,2025-09-18,3962.93,713.33,0.0,Paid,5.0,Maintenance
INV-00509,V115,Ironclad Solutions,2026-06-17,2026-07-17,,1621.77,194.61,0.0,Pending,,Software Licenses
INV-01151,V126,Everline Ltd.,2025-10-05,2025-10-20,2025-10-21,2973.06,148.65,83.65,Paid,1.0,Logistics
INV-00092,V103,Summit Ltd.,2026-05-24,2026-06-23,,2455.32,122.77,0.0,Overdue,,Utilities
INV-00898,V126,Everline Ltd.,2025-10-07,2025-10-22,2025-10-20,3188.12,382.57,0.0,Paid,-2.0,Logistics
INV-00565,V117,Redwood Inc.,2025-08-23,2025-09-22,2025-09-26,8011.38,400.57,0.0,Paid,4.0,Office Supplies
INV-00777,V125,Cobalt Group,2025-11-14,2025-11-29,2025-11-29,3533.52,176.68,0.0,Paid,0.0,Maintenance
INV-00242,V107,Cascade Solutions,2025-12-18,2026-01-17,2026-01-16,3459.8,172.99,0.0,Paid,-1.0,Office Supplies
INV-00014,V100,Nimbus Inc.,2026-04-07,2026-05-22,2026-06-06,4274.01,769.32,0.0,Paid,15.0,Office Supplies
INV-00316,V108,Pioneer LLC,2026-06-12,2026-07-12,2026-06-30,3829.51,459.54,0.0,Paid,-12.0,IT Services
INV-00601,V118,Horizon Partners,2025-08-24,2025-09-08,2025-09-08,4632.69,231.63,0.0,Paid,0.0,Maintenance
INV-00388,V111,Anchor Partners,2025-10-12,2025-10-27,2025-10-27,5798.11,463.85,0.0,Paid,0.0,Raw Materials
INV-00167,V105,Granite Partners,2025-07-03,2025-08-02,2025-08-04,3234.68,258.77,57.8,Paid,2.0,Utilities
INV-00841,V126,Everline Ltd.,2025-10-05,2025-10-20,2025-10-21,2973.06,148.65,83.65,Paid,1.0,Logistics
INV-00021,V100,Nimbus Inc.,2026-03-09,2026-04-23,2026-04-23,4672.56,841.06,0.0,Paid,0.0,Office Supplies
INV-00647,V120,Stratos Group,2025-10-25,2025-11-24,2025-11-24,1795.75,323.24,0.0,Paid,0.0,Marketing
INV-00832,V126,Everline Ltd.,2026-06-19,2026-07-04,,3714.85,668.67,0.0,Pending,,Logistics
INV-00563,V117,Redwood Inc.,2025-09-28,2025-10-28,2025-10-31,6855.05,822.61,0.0,Paid,3.0,Office Supplies
INV-01138,V134,Paragon Partners,2025-07-16,2025-08-15,2025-08-16,1797.15,215.66,0.0,Paid,1.0,Raw Materials
INV-00687,V121,Fieldstone Ltd.,2025-09-03,2025-10-03,2025-10-05,4965.63,248.28,0.0,Paid,2.0,Utilities
INV-00958,V128,Junction Group,2025-12-01,2026-01-15,2026-01-15,6355.22,508.42,0.0,Paid,0.0,Office Supplies
INV-00190,V106,Beacon Inc.,2025-11-24,2025-12-24,2025-12-24,4542.53,227.13,0.0,Paid,0.0,Utilities
INV-00976,V128,Junction Group,2026-01-25,2026-03-11,2026-03-14,3953.68,474.44,0.0,Paid,3.0,Office Supplies
INV-00700,V122,Copperleaf LLC,2026-01-18,2026-02-17,2026-03-13,6344.67,317.23,230.63,Paid,24.0,Utilities
INV-00511,V115,Ironclad Solutions,2026-05-13,2026-06-12,,1755.46,87.77,0.0,Overdue,,Software Licenses
INV-01083,V133,Ostrich Group,2026-06-01,2026-07-01,,5363.25,268.16,0.0,Pending,,Consulting
INV-00475,V114,Crescent Solutions,2025-12-15,2026-01-14,2026-01-12,4174.85,751.47,135.28,Paid,-2.0,Raw Materials
INV-00857,V126,Everline Ltd.,2026-06-10,2026-06-25,2026-06-25,4382.16,219.11,0.0,Paid,0.0,Logistics
INV-00748,V124,Bluewave Solutions,2026-03-10,2026-04-09,2026-04-09,2278.12,273.37,0.0,Paid,0.0,Utilities
INV-00253,V107,Cascade Solutions,2025-10-01,2025-10-31,2025-11-05,2104.89,168.39,0.0,Paid,5.0,Office Supplies
INV-00022,V100,Nimbus Inc.,2025-09-01,2025-10-16,2025-10-16,6010.11,1081.82,0.0,Paid,0.0,Office Supplies
INV-00460,V114,Crescent Solutions,2025-07-01,2025-07-31,2025-08-13,2378.02,190.24,0.0,Paid,13.0,Raw Materials
INV-00277,V107,Cascade Solutions,2026-04-28,2026-05-28,2026-05-24,1375.83,68.79,50.89,Paid,-4.0,Office Supplies
INV-00956,V128,Junction Group,2025-08-26,2025-10-10,2025-10-09,4408.41,352.67,0.0,Paid,-1.0,Office Supplies
INV-00386,V111,Anchor Partners,2026-04-19,2026-05-04,2026-05-04,5065.54,911.8,0.0,Paid,0.0,Raw Materials
INV-00806,V126,Everline Ltd.,2025-09-05,2025-09-20,2025-09-30,3189.54,574.12,0.0,Paid,10.0,Logistics
INV-00344,V109,Harbor Inc.,2026-06-16,2026-07-16,,4729.79,378.38,35.62,Pending,,Consulting
INV-00770,V124,Bluewave Solutions,2026-04-10,2026-05-10,2026-05-06,3711.92,668.15,0.0,Paid,-4.0,Utilities
INV-00131,V104,Falcon Ltd.,2026-05-23,2026-06-22,2026-06-25,9993.54,1798.84,0.0,Paid,3.0,Raw Materials
INV-00872,V126,Everline Ltd.,2025-07-08,2025-07-23,2025-07-20,3419.15,410.3,0.0,Paid,-3.0,Logistics
INV-01124,V134,Paragon Partners,2026-01-07,2026-02-06,2026-02-03,1094.0,87.52,0.0,Paid,-3.0,Raw Materials
INV-00088,V103,Summit Ltd.,2026-04-24,2026-05-24,2026-06-02,2782.43,139.12,15.59,Paid,9.0,Utilities
INV-00331,V109,Harbor Inc.,2026-03-22,2026-04-21,2026-04-27,2499.76,449.96,0.0,Paid,6.0,Consulting
INV-00467,V114,Crescent Solutions,2026-03-02,2026-04-01,2026-04-05,2076.94,249.23,52.67,Paid,4.0,Raw Materials
INV-00122,V104,Falcon Ltd.,2025-11-17,2025-12-17,2025-12-17,6572.58,525.81,0.0,Paid,0.0,Raw Materials
INV-01045,V131,Marlin LLC,2026-05-24,2026-07-08,,2693.04,215.44,0.0,Pending,,Travel
INV-01096,V133,Ostrich Group,2025-07-17,2025-08-16,2025-08-22,5892.36,707.08,0.0,Paid,6.0,Consulting
INV-01131,V134,Paragon Partners,2026-06-25,2026-07-25,2026-06-30,1027.94,82.24,41.84,Paid,-25.0,Raw Materials
INV-00861,V126,Everline Ltd.,2026-04-19,2026-05-04,2026-05-05,3801.72,190.09,0.0,Paid,1.0,Logistics
INV-01127,V134,Paragon Partners,2026-04-10,2026-05-10,2026-05-08,1367.37,246.13,0.0,Paid,-2.0,Raw Materials
